batch,analysis,age_at_sleep,is_weekend_factor,dst_observes,onset_estimate,offset_estimate,derived_duration_hours,derived_midpoint_linear,duration_direct_estimate,duration_direct_minus_derived,midpoint_direct_estimate,midpoint_direct_minus_derived
base,derived_duration_midpoint_age,18,Weekday,NA,0.11227987097237913,7.149202131617118,7.036922260644738,3.630741001294748,7.34126540554344,0.3043431448987022,3.901829575776488,0.2710885744817393
base,derived_duration_midpoint_age,18,Weekend,NA,0.721414266471625,8.063957986293687,7.3425437198220624,4.392686126382657,7.680621409174566,0.33807768935250326,4.682745437356052,0.29005931097339577
base,derived_duration_midpoint_age,19,Weekday,NA,0.05868092772118749,7.089656970431435,7.030976042710248,3.574168949076311,7.329742042229287,0.2987659995190395,3.84440385376283,0.270234904686518
base,derived_duration_midpoint_age,19,Weekend,NA,0.6648219277956064,8.014512808472535,7.349690880676928,4.339667368134071,7.6815605648039265,0.3318696841269979,4.628620744019081,0.2889533758850096
base,derived_duration_midpoint_age,20,Weekday,NA,0.00650183653540237,7.032344666778731,7.025842830243329,3.519423251657067,7.318971824731057,0.293128994487728,3.788701615885178,0.2692783642281107
base,derived_duration_midpoint_age,20,Weekend,NA,0.6095315480447385,7.966714855765101,7.357183307720362,4.28812320190492,7.682795798482864,0.3256124907625022,4.575870858304014,0.2877476563990946
base,derived_duration_midpoint_age,21,Weekday,NA,-0.04425740258497604,6.977265220659005,7.021522623243981,3.4665039090370144,7.308954753048751,0.2874321298047704,3.734722862143533,0.2682189531065191
base,derived_duration_midpoint_age,21,Weekend,NA,0.5555431272190217,7.920564128171386,7.365021000952364,4.238053627695203,7.68432711021138,0.31930610925901615,4.524495780210854,0.28644215251565086
base,derived_duration_midpoint_age,22,Weekday,NA,-0.09359678963994772,6.924418632072259,7.018015421712207,3.4154109212161554,7.299690827182369,0.28167540547016223,3.682467592537896,0.2670566713217397
base,derived_duration_midpoint_age,22,Weekend,NA,0.5028566653184555,7.876060625691394,7.373203960372938,4.189458645504924,7.686154499989473,0.3129505396165353,4.474495509739603,0.28503686423467833
base,derived_duration_midpoint_age,23,Weekday,NA,-0.14151632462951283,6.87380490101849,7.015321225648003,3.3661442881944885,7.29118004713191,0.27585882148390706,3.631935807068264,0.26579151887377606
base,derived_duration_midpoint_age,23,Weekend,NA,0.45147216234304033,7.833204348325119,7.381732185982079,4.14233825533408,7.688277967817142,0.3065457818350632,4.425870046890257,0.283531791556177
base,derived_duration_midpoint_age,24,Weekday,NA,-0.18801600755367123,6.8254240274977,7.013440035051372,3.318704009972014,7.283422412897374,0.2699823778460022,3.583127505734641,0.26442349576262636
base,derived_duration_midpoint_age,24,Weekend,NA,0.401389618292776,7.791995296072566,7.390605677779789,4.09669245718267,7.6906975136943885,0.300091835914599,4.378619391662819,0.2819269344801487
base,derived_duration_midpoint_age,25,Weekday,NA,-0.2330958384124229,6.779276011509889,7.012371849922312,3.273090086548733,7.2764179244787615,0.26404607455644946,3.5360426885370235,0.2629526019882906
base,derived_duration_midpoint_age,25,Weekend,NA,0.3526090331676626,7.752433468933733,7.39982443576607,4.052521251050698,7.693413137621212,0.29358870185514174,4.332743544057289,0.2802222930065916
base,derived_duration_midpoint_age,26,Weekday,NA,-0.27675581720576803,6.735360853055058,7.012116670260825,3.2293025179246446,7.270166581876072,0.25804991161524704,3.490681355475414,0.26137883755076885
base,derived_duration_midpoint_age,26,Weekend,NA,0.30513040696770005,7.71451886690862,7.409388459940921,4.00982463693816,7.696424839597613,0.2870363796566924,4.288242504073665,0.27841786713550576
base,derived_duration_midpoint_age,27,Weekday,NA,-0.31899594393370645,6.693678552133204,7.012674496066911,3.187341304099749,7.2646683850893075,0.2519938890223967,3.447043506549811,0.25970220245006104
base,derived_duration_midpoint_age,27,Weekend,NA,0.2589537396928884,7.678251489997227,7.419297750304339,3.9686026148450577,7.699732619623592,0.28043486931925266,4.2451162717119475,0.27651365686688933
base,derived_duration_midpoint_age,28,Weekday,NA,-0.35981621859623814,6.65422910874433,7.014045327340568,3.147206445074046,7.259923334118465,0.24587800677789673,3.405129141760215,0.25792269668616896
base,derived_duration_midpoint_age,28,Weekend,NA,0.2140790313432276,7.643631338199555,7.429552306856327,3.928855184771391,7.703336477699146,0.27378417084281903,4.203364846972139,0.2745096622007477
base,derived_duration_midpoint_age,29,Weekday,NA,-0.3992166411933632,6.617012522888434,7.016229164081797,3.1088979408475352,7.255931428963547,0.23970226488174973,3.364938261106626,0.25604032025909085
base,derived_duration_midpoint_age,29,Weekend,NA,0.17050628191871772,7.610658411515602,7.440152129596885,3.89058234671716,7.707236413824278,0.2670842842273933,4.162988229854237,0.27240588313707725
base,derived_duration_midpoint_age,30,Weekday,NA,-0.4371972117250815,6.582028794565517,7.019226006290598,3.0724157914202177,7.252692669624552,0.2334666633339539,3.326470864589045,0.2540550731688267
base,derived_duration_midpoint_age,30,Weekend,NA,0.12823549141935875,7.579332709945369,7.451097218526011,3.853784100682364,7.711432427998988,0.26033520947297717,4.123986420358242,0.27020231967587804
base,derived_duration_midpoint_age,31,Weekday,NA,-0.4737579301913932,6.549277923775578,7.023035853966971,3.0377599967920923,7.25020705610148,0.22717120213450936,3.2897269522074697,0.2519669554153765
base,derived_duration_midpoint_age,31,Weekend,NA,0.08726665984515058,7.549654233488857,7.462387573643706,3.818460446667004,7.715924520223274,0.25353694657956716,4.086359418484154,0.26789897181715006
base,derived_duration_midpoint_age,32,Weekday,NA,-0.5088987965922983,6.518759910518619,7.027658707110917,3.0049305569631604,7.248474588394333,0.220815881283416,3.254706523961902,0.24977596699874205
base,derived_duration_midpoint_age,32,Weekend,NA,0.04759978719609337,7.521622982146066,7.4740231949499725,3.78461138467108,7.7207126904971375,0.24668949554716504,4.050107224231972,0.2654958395608915
base,derived_duration_midpoint_age,33,Weekday,NA,-0.5426198109277965,6.490474754794637,7.0330945657224335,2.97392747193342,7.247495266503109,0.21440070078067563,3.221409579852341,0.24748210791892156
base,derived_duration_midpoint_age,33,Weekend,NA,0.00923487347218707,7.495238955916992,7.486004082444805,3.7522369146945898,7.725796938820579,0.2397928563757734,4.015229837601699,0.2629929229071095
base,derived_duration_midpoint_age,34,Weekday,NA,-0.5749209731978883,6.464422456603636,7.039343429801524,2.9447507417028738,7.247269090427808,0.2079256606262838,3.1898361198787875,0.24508537817591325
base,derived_duration_midpoint_age,34,Weekend,NA,-0.02782808132656844,7.4705021548016415,7.49833023612821,3.721337036737536,7.731177265193596,0.23284702906538612,3.981727258593332,0.2603902218557952
base,derived_duration_midpoint_age,35,Weekday,NA,-0.6058022834025732,6.440603015945612,7.046405299348185,2.9174003662715196,7.24779606016843,0.201390760820245,3.1599861440412407,0.24258577776972068
base,derived_duration_midpoint_age,35,Weekend,NA,-0.06358907720017296,7.44741257880001,7.511001656000182,3.6919117507999184,7.736853669616191,0.22585201361600848,3.949599487206873,0.25768773640695386
base,derived_duration_midpoint_age,36,Weekday,NA,-0.6352637415418516,6.419016432820567,7.054280174362418,2.8918763456393575,7.249076175724977,0.19479600136255917,3.131859652339701,0.23998330670034385
base,derived_duration_midpoint_age,36,Weekend,NA,-0.09804811414862669,7.425970227912098,7.5240183420607245,3.663961056881736,7.742826152088363,0.21880781002763872,3.91884652344232,0.25488546656058375
base,derived_duration_midpoint_age,37,Weekday,NA,-0.6633053476157232,6.399662707228501,7.062968054844224,2.868178679806389,7.251109437097447,0.18814138225322272,3.105456644774168,0.2372779649677792
base,derived_duration_midpoint_age,37,Weekend,NA,-0.13120519217192944,7.406175102137906,7.537380294309836,3.637484954982989,7.749094712610112,0.21171441830027593,3.8894683672996746,0.25198341231668664
base,derived_duration_midpoint_age,38,Weekday,NA,-0.6899271016241884,6.382541839169414,7.072468940793602,2.846307368772613,7.25389584428584,0.18142690349223756,3.0807771213446427,0.2344697525720303
base,derived_duration_midpoint_age,38,Weekend,NA,-0.1630603112700815,7.388027201477436,7.551087512747517,3.612483445103677,7.755659351181438,0.20457183843392104,3.861465018778937,0.24898157367525897
base,derived_duration_midpoint_age,39,Weekday,NA,-0.7151290035672466,6.367653828643305,7.082782832210551,2.826262412538029,7.2574353972901555,0.17465256507960447,3.0578210820511234,0.23155866951309537
base,derived_duration_midpoint_age,39,Weekend,NA,-0.1936134714430825,7.371526525930684,7.565139997373767,3.588956527243801,7.762520067802341,0.19738007042857397,3.834836477880105,0.2458799506363043
base,derived_duration_midpoint_age,40,Weekday,NA,-0.7389110534448984,6.354998675650175,7.093909729095073,2.808043811102638,7.261728096110396,0.1678183670153226,3.036588526893612,0.22854471579097435
base,derived_duration_midpoint_age,40,Weekend,NA,-0.2228646726909327,7.356673075497653,7.579537748188586,3.5669042014033603,7.769676862472822,0.1901391142842357,3.809582744603181,0.24267854319982085
base,derived_duration_midpoint_age,41,Weekday,NA,-0.7612732512571433,6.3445763801900235,7.105849631447167,2.79165156446644,7.26677394074656,0.16092430929939283,3.017079455872107,0.22542789140566732
base,derived_duration_midpoint_age,41,Weekend,NA,-0.2508139150136319,7.343466850178342,7.594280765191974,3.546326467582355,7.7771297351928785,0.1828489700009044,3.785703818948164,0.23937735136580865
base,derived_duration_midpoint_age,42,Weekday,NA,-0.7822155970039817,6.336386942262852,7.118602539266833,2.777085672629435,7.2725729311986465,0.1539703919318134,2.9992938689866095,0.22220819635717423
base,derived_duration_midpoint_age,42,Weekend,NA,-0.2774611984111804,7.331907849972752,7.6093690483839325,3.5272233257807857,7.784878685962513,0.17550963757858096,3.763199700915054,0.2359763751342676
base,derived_duration_midpoint_age,43,Weekday,NA,-0.8017380906854132,6.3304303618686575,7.132168452554071,2.764346135591622,7.279125067466658,0.14695661491258694,2.9832317662371186,0.21888563064549693
base,derived_duration_midpoint_age,43,Weekend,NA,-0.30280652288357784,7.32199607488088,7.624802597764458,3.509594775998651,7.792923714781725,0.16812111701726715,3.742070390503851,0.2324756145051996
base,derived_duration_midpoint_age,44,Weekday,NA,-0.8198407323014383,6.326706639007443,7.146547371308881,2.7534329533530024,7.286430349550591,0.13988297824170992,2.968893147623635,0.21546019427063356
base,derived_duration_midpoint_age,44,Weekend,NA,-0.3268498884308245,7.313731524902731,7.640581413333555,3.493440818235953,7.801264821650514,0.1606834083169586,3.722315887714556,0.2288750694786028
base,derived_duration_midpoint_age,45,Weekday,NA,-0.8365235218520566,6.325215773679206,7.161739295531262,2.744346125913575,7.294488777450449,0.13274948191918678,2.9562780131461586,0.21193188723258416
base,derived_duration_midpoint_age,45,Weekend,NA,-0.34959129505292025,7.3071142000383,7.65670549509122,3.47876145249269,7.80990200656888,0.15319651147765967,3.703936192547168,0.22517474005447724
base,derived_duration_midpoint_age,46,Weekday,NA,-0.8517864593372683,6.325957765883949,7.177744225221217,2.7370856532733403,7.30330035116623,0.1255561259450131,2.945386362804689,0.20830070953134872
base,derived_duration_midpoint_age,46,Weekend,NA,-0.37103074274986514,7.302144100287591,7.673174843037456,3.4655566787688628,7.818835269536823,0.14566042649936684,3.686931305001686,0.2213746262328229
base,derived_duration_midpoint_age,47,Weekday,NA,-0.8656295447570732,6.32893261562167,7.1945621603787435,2.7316515354322988,7.312865070697935,0.11830291031919148,2.936218196599226,0.20456666116692723
base,derived_duration_midpoint_age,47,Weekend,NA,-0.3911682315216591,7.298821225650601,7.68998945717226,3.4538264970644708,7.828064610554343,0.13807515338208365,3.6713012250781114,0.2174747280136415
base,derived_duration_midpoint_age,48,Weekday,NA,-0.8780527781114716,6.33414032289237,7.212193101003842,2.72804377239045,7.323182936045563,0.11098983504172112,2.9287735145297704,0.2007297421393215
base,derived_duration_midpoint_age,48,Weekend,NA,-0.4100037613683023,7.297145576127331,7.7071493374956335,3.4435709073795144,7.837590029621441,0.13044069212580744,3.657045952776444,0.21347504539692963
base,derived_duration_midpoint_age,49,Weekday,NA,-0.8890561594004631,6.341580887696049,7.230637047096511,2.7262623641477925,7.334253947209114,0.10361690011260284,2.923052316596322,0.1967899524485297
base,derived_duration_midpoint_age,49,Weekend,NA,-0.4275373322897944,7.297117151717781,7.724654484007576,3.434789909713994,7.8474115267381155,0.12275704273053913,3.644165488096684,0.20937557838269072
base,derived_duration_midpoint_age,50,Weekday,NA,-0.8986396886240482,6.351254310032706,7.249893998656754,2.7263073107043287,7.346078104188589,0.09618410553183487,2.91905460279888,0.19274729209455188
base,derived_duration_midpoint_age,50,Weekend,NA,-0.4437689442861358,7.298735952421952,7.742504896708088,3.427483504067908,7.857529101904365,0.11502420519627776,3.6326598310388314,0.20517632697092303
base,derived_duration_midpoint_age,51,Weekday,NA,-0.9068033657822264,6.363160589902342,7.269963955684568,2.7281786120600575,7.358655406983988,0.08869145129941902,2.9167803731374455,0.188601761077388
base,derived_duration_midpoint_age,51,Weekend,NA,-0.4586985973573263,7.302001978239842,7.760700575597168,3.4216516904412577,7.867942755120194,0.10724217952302606,3.622528981602885,0.2008772911616283
base,derived_duration_midpoint_age,52,Weekday,NA,-0.913547190874998,6.3772997273049565,7.290846918179955,2.731876268214979,7.37198585559531,0.08113893741535527,2.9162296276120183,0.1843533593970399
base,derived_duration_midpoint_age,52,Weekend,NA,-0.47232629150336586,7.3069152291714525,7.779241520674819,3.4172944688340436,7.878652486385602,0.09941096571078312,3.613772939788848,0.1964784709548049
base,derived_duration_midpoint_age,53,Weekday,NA,-0.9188711639023632,6.39367172224055,7.312542886142913,2.7374002791690932,7.386069450022555,0.07352656387964185,2.917402366222597,0.18000208705350396
base,derived_duration_midpoint_age,53,Weekend,NA,-0.48465202672425456,7.313475705216784,7.7981277319410385,3.414411839246265,7.889658295700583,0.09153056375954448,3.6063917055967143,0.19197986635045083
base,derived_duration_midpoint_age,54,Weekday,NA,-0.9227752848643214,6.412276574709122,7.3350518595734435,2.7447506449224006,7.400906190265724,0.06585433069228053,2.920298588969184,0.17554794404678375
base,derived_duration_midpoint_age,54,Weekend,NA,-0.4956758030199923,7.321683406375835,7.8173592093958275,3.4130038016779216,7.900960183065143,0.08360097366931551,3.600385279026491,0.1873814773485698
base,derived_duration_midpoint_age,55,Weekday,NA,-0.9252595537608732,6.4331142847106735,7.358373838471547,2.7539273654749,7.416496076324816,0.05812223785326953,2.924918295851777,0.17099093037687751
base,derived_duration_midpoint_age,55,Weekend,NA,-0.5053976203905793,7.3315383326486065,7.836935953039186,3.4130703561290137,7.912558148479281,0.0756221954400953,3.5957536600781737,0.18268330394916
base,derived_duration_midpoint_age,56,Weekday,NA,-0.926323970592018,6.456184852245204,7.382508822837222,2.7649304408265927,7.432839108199833,0.05033028536261064,2.931261486870378,0.16633104604378524
base,derived_duration_midpoint_age,56,Weekend,NA,-0.5138174788360154,7.343040484035099,7.856857962871114,3.414611502599542,7.924452191942994,0.06759422907188029,3.5924968487517632,0.1778853461522214
base,derived_duration_midpoint_age,57,Weekday,NA,-0.9259685353577564,6.481488277312712,7.4074568126704685,2.7777598709774782,7.449935285890772,0.04247847322030385,2.939328162024985,0.16156829104750692
base,derived_duration_midpoint_age,57,Weekend,NA,-0.5209353783563004,7.35618986053531,7.877125238891611,3.417627241089505,7.936642313456286,0.05951707456467492,3.5906148450472597,0.17298760395775403
base,derived_duration_midpoint_age,58,Weekday,NA,-0.924193248058088,6.509024559913199,7.433217807971286,2.792415655927555,7.4677846093976354,0.03456680142634827,2.9491183213156,0.15670266538804434
base,derived_duration_midpoint_age,58,Weekend,NA,-0.5267513189514348,7.370986462149241,7.897737781100676,3.4221175715989034,7.949128513019152,0.05139073191847654,3.5901076489646644,0.16799007736576144
base,derived_duration_midpoint_age,59,Weekday,NA,-0.9209981086930128,6.538793700046665,7.459791808739678,2.808897795676826,7.486387078720422,0.0265952699807439,2.960631964742221,0.15173416906539572
base,derived_duration_midpoint_age,59,Weekend,NA,-0.5312653006214181,7.387430288876893,7.918695589498311,3.4280824941277377,7.961910790631599,0.0432152011332878,3.590975260503975,0.16289276637623828
base,derived_duration_midpoint_age,60,Weekday,NA,-0.9163831172625312,6.570795697713109,7.48717881497564,2.827206290225289,7.505742693859132,0.01856387888349164,2.9738690923048496,0.14666280207956106
base,derived_duration_midpoint_age,60,Weekend,NA,-0.5344773233662506,7.405521340718264,7.9399986640845155,3.435522008676007,7.974989146293622,0.03499048220910694,3.5932176796651927,0.15769567098918458
base,derived_duration_midpoint_age,61,Weekday,NA,-0.9103482737666428,6.605030552912533,7.515378826679176,2.8473411395729453,7.525851454813764,0.01047262813458793,2.988829704003485,0.1414885644305386
base,derived_duration_midpoint_age,61,Weekend,NA,-0.5363873871859323,7.425259617673357,7.96164700485929,3.444436115243713,7.9883635800052195,0.02671657514592951,3.596834906448318,0.15239879120460564
base,derived_duration_midpoint_age,62,Weekday,NA,-0.9028935782053475,6.641498265644935,7.544391843850282,2.8693023437197933,7.546713361584321,0.00232151773403899,3.0055137998381274,0.13621145611833363
base,derived_duration_midpoint_age,62,Weekend,NA,-0.5369954920804629,7.44664511974217,7.983640611822633,3.4548248138308537,8.002034091766397,0.01839347994376439,3.6018269408533508,0.14700212702249615
base,derived_duration_midpoint_age,63,Weekday,NA,-0.8940190305786458,6.680198835910316,7.5742178664889614,2.8930899026658348,7.568328414170802,-0.00588945231815962,3.023921379808777,0.13083147714294263
base,derived_duration_midpoint_age,63,Weekend,NA,-0.5363016380498428,7.469677846924703,8.005979484974546,3.4666881044374303,8.01600068157715,0.01002119660260447,3.60819378288029,0.14150567844285966
base,derived_duration_midpoint_age,64,Weekday,NA,-0.8837246308865374,6.721132263708675,7.604856894595213,2.9187038164110692,7.590696612573206,-0.01416028202200703,3.0440524439154335,0.12534862750436382
base,derived_duration_midpoint_age,64,Weekend,NA,-0.5343058250940718,7.494357799220955,8.028663624315026,3.480025987063441,8.030263349437481,0.00159972512245509,3.6159354325291377,0.13590944546569617
base,derived_duration_midpoint_age,65,Weekday,NA,-0.8720103791290224,6.764298549040014,7.636308928169036,2.946144084955496,7.613817956791533,-0.02249097137750322,3.0659069921580966,0.11976290720260074
base,derived_duration_midpoint_age,65,Weekend,NA,-0.5310080532131498,7.520684976630928,8.051693029844078,3.494838461708889,8.04482209534739,-0.00687093449668729,3.6250518897998902,0.13021342809100034
base,derived_duration_midpoint_age,66,Weekday,NA,-0.8588762753061007,6.80969769190433,7.668573967210431,2.975410708299115,7.637692446825784,-0.03088152038464731,3.0894850245367675,0.11407431623765164
base,derived_duration_midpoint_age,66,Weekend,NA,-0.5264083224070771,7.54865937915462,8.075067701561698,3.511125528373772,8.059676919306874,-0.01539078225482448,3.6355431546925514,0.12441762631877928
base,derived_duration_midpoint_age,67,Weekday,NA,-0.8443223194177722,6.857329692301626,7.701652011719398,3.006503686441927,7.662320082675958,-0.03933192904344018,3.114786541051445,0.10828285460951824
base,derived_duration_midpoint_age,67,Weekend,NA,-0.5205066326758534,7.578281006792033,8.098787639467886,3.52888718705809,8.074827821315937,-0.02395981815194936,3.647409227207119,0.11852204014902944
base,derived_duration_midpoint_age,68,Weekday,NA,-0.8283485114640371,6.9071945502319005,7.735543061695938,3.039423019383932,7.687700864342056,-0.047842197353881843,3.1418115417021295,0.10238852231819706
base,derived_duration_midpoint_age,68,Weekend,NA,-0.5133029840194788,7.609549859543167,8.122852843562645,3.548123437761844,8.090274801374576,-0.03257804218806903,3.6606501073435944,0.11252666958175084
base,derived_duration_midpoint_age,69,Weekday,NA,-0.8109548514448954,6.9592922656951535,7.770247117140049,3.07416870712513,7.713834791824078,-0.0564123253159714,3.170560026488821,0.0963913193636916
base,derived_duration_midpoint_age,69,Weekend,NA,-0.5047973764379534,7.64246593740802,8.147263313845974,3.5688342804850333,8.106017859482794,-0.04124545436317994,3.675265795101976,0.10643151461694345
base,derived_duration_midpoint_age,70,Weekday,NA,-0.792141339360347,7.0136228386913855,7.805764178051732,3.1107407496655193,7.740721865122023,-0.06504231292970974,3.20103199541152,0.090291245746000115
base,derived_duration_midpoint_age,70,Weekend,NA,-0.4949898099312772,7.677029240386593,8.172019050317871,3.5910197152276586,8.122056995640587,-0.04996205467728387,3.6912562904822654,0.10023657525460727
base,derived_duration_midpoint_age,71,Weekday,NA,-0.7719079752103919,7.070186269220596,7.842094244430988,3.1491391470051022,7.768362084235891,-0.07373216019509687,3.2332274484702253,0.08408830146512258
base,derived_duration_midpoint_age,71,Weekend,NA,-0.4838802844994499,7.713239768478887,8.197120052978338,3.614679741989719,8.138392209847957,-0.05872784313038082,3.708621593484462,0.09394185149474232
base,derived_duration_midpoint_age,72,Weekday,NA,-0.7502547589950301,7.128982557282785,7.879237316277815,3.1893638991438777,7.796755449165683,-0.08248186711213279,3.2671463856649376,0.07778248652105901
base,derived_duration_midpoint_age,72,Weekend,NA,-0.47146880014247183,7.751097521684901,8.222566321827372,3.639814360771214,8.155023502104905,-0.06754281972246723,3.727361704108565,0.08754734333735037
base,derived_duration_midpoint_age,73,Weekday,NA,-0.7271816907142616,7.190011702877953,7.917193393592215,3.231415006081846,7.825901959911397,-0.09129143368081748,3.302788806995657,0.07137380091381118
base,derived_duration_midpoint_age,73,Weekend,NA,-0.4577553568603428,7.790602500004633,8.248357856864976,3.666423571572145,8.17195087241143,-0.07640698445354666,3.747476622354576,0.08105305078242964
base,derived_duration_midpoint_age,74,Weekday,NA,-0.7026887703680865,7.2532737060061,7.955962476374187,3.275292467819007,7.855801616473037,-0.10016085990115008,3.340154712462384,0.06486224464337731
base,derived_duration_midpoint_age,74,Weekend,NA,-0.442739954653063,7.831754703438087,8.27449465809115,3.694507374392512,8.189174320767531,-0.0853203373236191,3.7689663482224938,0.0744589738299819
base,derived_duration_midpoint_age,75,Weekday,NA,-0.6767759979565048,7.3187685666672255,7.995544564623731,3.3209962843553607,7.886454418850598,-0.10909014577313236,3.379244102065117,0.05824781770975562
base,derived_duration_midpoint_age,75,Weekend,NA,-0.42642259352063216,7.874554131985262,8.300976725505894,3.7240657692323142,8.206693847173211,-0.09428287833268278,3.791830881712318,0.06776511248000361
base,derived_duration_midpoint_age,76,Weekday,NA,-0.6494433734795163,7.38649628486133,8.035939658340846,3.3685264556909065,7.917860367044084,-0.11807929129676165,3.4200569758038584,0.05153052011295145
base,derived_duration_midpoint_age,76,Weekend,NA,-0.4088032734630505,7.919000785646157,8.327804059109207,3.7550987560915527,8.224509451628466,-0.10329460748074126,3.8160702228240506,0.06097146673249831
base,derived_duration_midpoint_age,77,Weekday,NA,-0.6206908969371212,7.456456860588413,8.077147757525534,3.4178829818256458,7.950019461053494,-0.12712829647203971,3.4625933336786057,0.04471035185295946
base,derived_duration_midpoint_age,77,Weekend,NA,-0.389881994480318,7.965094664420772,8.35497665890109,3.7876063349702274,8.2426211341333,-0.11235552476779098,3.841684371557689,0.05407803658746246
base,derived_duration_midpoint_age,78,Weekday,NA,-0.5905185683293195,7.528650293848474,8.119168862177794,3.4690658627595776,7.982931700878827,-0.13623716129896746,3.5068531756893604,0.03778731292978321
base,derived_duration_midpoint_age,78,Weekend,NA,-0.3696587565724347,8.012835768309106,8.38249452488154,3.821588505868335,8.261028894687712,-0.1214656301938284,3.868673327913235,0.04708482204489961
base,derived_duration_midpoint_age,79,Weekday,NA,-0.5589263876561109,7.603076584641515,8.162002972297627,3.5220750984927025,8.016597086520083,-0.14540588577754399,3.552836501836122,0.03076140334341914
base,derived_duration_midpoint_age,79,Weekend,NA,-0.3481335597394003,8.06222409731116,8.410357657050561,3.85704526878588,8.279732733291699,-0.13062492375886237,3.897037091890689,0.03999182310480975
base,derived_duration_midpoint_age,80,Weekday,NA,-0.5259143549174959,7.679735732967534,8.20565008788503,3.576910689025018,8.051015617977262,-0.15463446990776752,3.600543312118891,0.02363262309387259
base,derived_duration_midpoint_age,80,Weekend,NA,-0.32530640398121524,8.113259651426937,8.438566055408153,3.893976623722861,8.298732649945263,-0.13983340546288936,3.926775663490049,0.03279903976718756
base,derived_duration_midpoint_age,81,Weekday,NA,-0.4914824701134741,7.758627738826532,8.250110208940006,3.633572634356529,8.086187295250365,-0.16392291368964074,3.649973606537666,0.01640097218113645
base,derived_duration_midpoint_age,81,Weekend,NA,-0.30117728929787924,8.165942430656433,8.467119719954312,3.9323825706792768,8.318028644648404,-0.1490910753059076,3.957889042711317,0.02550647203204015
base,derived_duration_midpoint_age,82,Weekday,NA,-0.4556307332440457,7.839752602218509,8.295383335462555,3.692060934487232,8.122112118339393,-0.17327121712316185,3.701127385092449,0.00906645060521782
base,derived_duration_midpoint_age,82,Weekend,NA,-0.2757462156893923,8.220272434999647,8.496018650689038,3.972263109655126,8.337620717401125,-0.15839793328791352,3.990377229554492,0.01811411989936573
base,derived_duration_midpoint_age,83,Weekday,NA,-0.4183591443092105,7.923110323143463,8.341469467452674,3.7523755894171265,8.158790087244343,-0.18267938020833083,3.7540046477832383,0.00162905836611315
base,derived_duration_midpoint_age,83,Weekend,NA,-0.2490131831557545,8.27624966445658,8.525262847612336,4.0136182406504135,8.35750886820342,-0.167753979408916,4.0242402240195725,0.01062198336915898
base,derived_duration_midpoint_age,84,Weekday,NA,-0.3796677033089686,8.008700901601397,8.388368604910365,3.8145165991462138,8.196221201965216,-0.1921474029451495,3.8086053946100362,-0.00591120453617755
base,derived_duration_midpoint_age,84,Weekend,NA,-0.22097819169696564,8.333874119027238,8.554852310724204,4.0564479636651365,8.37769309705529,-0.1771592136689133,4.059478026106563,0.00303006244142522
base,derived_duration_midpoint_age,85,Weekday,NA,-0.3395564102433202,8.096524337592308,8.436080747835629,3.878483963674494,8.234405462502014,-0.2016752853336143,3.864929625572839,-0.01355433810165607
base,derived_duration_midpoint_age,85,Weekend,NA,-0.19164124131302615,8.393145798711613,8.58478704002464,4.100752278699294,8.3981734039567435,-0.1866136360678965,4.096090635815459,-0.00466164288383552
dst,derived_duration_midpoint_age,18,Weekday,DST,0.12441134046698762,7.166231269867429,7.041819929400441,3.645321305167208,7.34397367140236,0.30215374200191913,3.91338677559815,0.2680654704309422
dst,derived_duration_midpoint_age,18,Weekday,NoDST,-0.12800469505364867,6.819078612055256,6.947083307108905,3.3455369585008037,7.289793360830733,0.34271005372182817,3.6766794187168137,0.3311424602160091
dst,derived_duration_midpoint_age,18,Weekend,DST,0.7343212279694521,8.08231812691264,7.347996898943188,4.408319677441046,7.683845920009965,0.3358490210667773,4.695769925207873,0.28745024776682726
dst,derived_duration_midpoint_age,18,Weekend,NoDST,0.4547603351245787,7.687255263595864,7.232494928471285,4.071007799360221,7.610693942730037,0.3781990142587519,4.406654347118047,0.33564654775782543
dst,derived_duration_midpoint_age,19,Weekday,DST,0.07079897087584555,7.106655938774076,7.035856967898231,3.588727454824961,7.332442966322775,0.29658599842454425,3.8559457948922673,0.2672183400673056
dst,derived_duration_midpoint_age,19,Weekday,NoDST,-0.18161706464479072,6.759503280961903,6.941120345606694,3.2889431081585565,7.278262655751147,0.3371423101444533,3.61923843801093,0.33029532985237253
dst,derived_duration_midpoint_age,19,Weekend,DST,0.6777228934747468,8.032857912822127,7.35513501934738,4.355290403148437,7.684784610112322,0.3296495907649417,4.641646057435939,0.286355654287501
dst,derived_duration_midpoint_age,19,Weekend,NoDST,0.39816200062987345,7.637795049505352,7.239633048875479,4.017978525067613,7.611632632832394,0.37199958395691457,4.352530479346113,0.33455195427849915
dst,derived_duration_midpoint_age,20,Weekday,DST,0.01860664519167779,7.049313770279693,7.030707125088015,3.5339602077356855,7.321665516999997,0.2909583919119818,3.8002284777816073,0.2662682700459218
dst,derived_duration_midpoint_age,20,Weekday,NoDST,-0.2338093903289585,6.70216111246752,6.935970502796478,3.234175861069281,7.267485206428369,0.33151470363189084,3.56352112090027,0.3293452598309887
dst,derived_duration_midpoint_age,20,Weekend,DST,0.6224266723868414,7.985045119595257,7.362618447208416,4.303735895991049,7.686019423914752,0.3234009767063366,4.588897067015068,0.2851611710240185
dst,derived_duration_midpoint_age,20,Weekend,NoDST,0.34286577954196806,7.589982256278482,7.2471164767365135,3.966424017910225,7.612867446634824,0.3657509698983103,4.299781488925242,0.33335747101501667
dst,derived_duration_midpoint_age,21,Weekday,DST,-0.03216563658551566,6.994204764384278,7.026370400969794,3.4810195638993813,7.311641323434024,0.28527092246423,3.746234824266168,0.2652152603667872
dst,derived_duration_midpoint_age,21,Weekday,NoDST,-0.28458167210615193,6.647052106572105,6.931633778678258,3.181235217232977,7.257461012862397,0.32582723418413906,3.5095274673848307,0.32829225015185415
dst,derived_duration_midpoint_age,21,Weekend,DST,0.568432564705736,7.93887974723203,7.370447182526294,4.2536561559688835,7.687550361417256,0.31710317889096196,4.537522953945258,0.2838667979763745
dst,derived_duration_midpoint_age,21,Weekend,NoDST,0.28887167186086266,7.543816883915254,7.254945212054392,3.916344277888059,7.614398384137328,0.3594531720829357,4.2484073758554315,0.33206309796737266
dst,derived_duration_midpoint_age,22,Weekday,DST,-0.08151787445573472,6.941328921087831,7.022846795543566,3.429905523316048,7.302370385624857,0.2795235900812916,3.6939648343459512,0.26405931102990365
dst,derived_duration_midpoint_age,22,Weekday,NoDST,-0.33393390997637096,6.594176263275658,6.928110173252029,3.1301211766496433,7.248190075053229,0.3200799018012006,3.4572574774646143,0.3271363008149706
dst,derived_duration_midpoint_age,22,Weekend,DST,0.5157405704314306,7.894361795732443,7.378621225301012,4.205051183081936,7.689377422619834,0.3107561973188213,4.48752371822651,0.28247253514457427
dst,derived_duration_midpoint_age,22,Weekend,NoDST,0.23617967758655728,7.499298932415668,7.26311925482911,3.8677393050011126,7.616225445339905,0.35310619051079506,4.198408140136683,0.33066883513557066
dst,derived_duration_midpoint_age,23,Weekday,DST,-0.12945006841897944,6.890686240390353,7.020136308809332,3.3806180859856862,7.293852703572497,0.27371639476316556,3.643418508020956,0.2628004220352693
dst,derived_duration_midpoint_age,23,Weekday,NoDST,-0.3818661039396158,6.5435335825781795,6.925399686517795,3.080833739319282,7.23967239300087,0.3142727064830746,3.406711151139618,0.32587741182033625
dst,derived_duration_midpoint_age,23,Weekend,DST,0.4643506895639254,7.851491265096497,7.387140575532571,4.157920977330211,7.691500607522485,0.3043600319899138,4.438899359858823,0.2809783825286125
dst,derived_duration_midpoint_age,23,Weekend,NoDST,0.18478979671905207,7.456428401779722,7.27163860506067,3.820609099249387,7.618348630242557,0.34671002518188665,4.149783781768996,0.3291746825196089
dst,derived_duration_midpoint_age,24,Weekday,DST,-0.1759622184752499,6.8422767222918415,7.018238940767091,3.3331572519082955,7.286088277276942,0.2678493365098511,3.594595845291183,0.2614385933828878
dst,derived_duration_midpoint_age,24,Weekday,NoDST,-0.4283782539958862,6.495124064479668,6.923502318475554,3.033372905241891,7.231907966705315,0.30840564822976013,3.357888488409846,0.3245155831679547
dst,derived_duration_midpoint_age,24,Weekend,DST,0.41426292210322013,7.810268155324193,7.396005233220973,4.112265538713706,7.693919916125211,0.2979146829042376,4.391649878842198,0.279384340128491
dst,derived_duration_midpoint_age,24,Weekend,NoDST,0.1347020292583468,7.415205292007418,7.280503262749071,3.774953660632882,7.620767938845281,0.34026467609621047,4.102534300752372,0.3275806401194892
dst,derived_duration_midpoint_age,25,Weekday,DST,-0.221054324624546,6.796100366792299,7.017154691416845,3.2875230210838766,7.279077106738194,0.2619224153213491,3.5474968461566316,0.25997382507275546
dst,derived_duration_midpoint_age,25,Weekday,NoDST,-0.4734703601451823,6.448947708980126,6.922418069125308,2.987738674417471,7.224896796166567,0.302478727041259,3.3107894892752947,0.3230508148578224
dst,derived_duration_midpoint_age,25,Weekend,DST,0.3654772680493149,7.770692466415531,7.405215198366216,4.068084867232423,7.69663534842801,0.29142015006179367,4.345775275176635,0.2776904079442133
dst,derived_duration_midpoint_age,25,Weekend,NoDST,0.08591637520444154,7.375629603098755,7.289713227894313,3.730772989151598,7.623483371148081,0.3337701432537683,4.0566596970868085,0.32588670793521146
dst,derived_duration_midpoint_age,26,Weekday,DST,-0.2647263868668678,6.7521571738917245,7.016883560758592,3.2437153935124283,7.272819191956253,0.2559356311976604,3.5021215106173025,0.25840611710487416
dst,derived_duration_midpoint_age,26,Weekday,NoDST,-0.5171424223875041,6.4050045160795515,6.922146938467056,2.943931046846024,7.218638881384625,0.2964919429175694,3.265414153735965,0.3214831068899411
dst,derived_duration_midpoint_age,26,Weekend,DST,0.3179937274022096,7.73276419837051,7.4147704709683,4.02537896288636,7.699646904430883,0.28487643346258285,4.301275548862133,0.27589658597577227
dst,derived_duration_midpoint_age,26,Weekend,NoDST,0.03843283455733631,7.337701335053734,7.299268500496398,3.6880670848055352,7.626494927150954,0.3272264266545566,4.012159970772307,0.32409288596677044
dst,derived_duration_midpoint_age,27,Weekday,DST,-0.30697840520221514,6.710447143590118,7.017425548792333,3.201734369193951,7.267314532931116,0.24988898413878324,3.4584698386731954,0.25673546947924386
dst,derived_duration_midpoint_age,27,Weekday,NoDST,-0.5593944407228515,6.363294485777945,6.922688926500796,2.9019500225275463,7.213134222359488,0.2904452958586923,3.221762481791858,0.31981245926431257
dst,derived_duration_midpoint_age,27,Weekend,DST,0.27181230016190444,7.69648335118913,7.424671051027225,3.984147825675517,7.7029545841338285,0.27828353310660336,4.258150699898692,0.27400287422317504
dst,derived_duration_midpoint_age,27,Weekend,NoDST,-0.00774859268296886,7.301420487872354,7.309169080555323,3.6468359475946928,7.6298026068539,0.3206335262985771,3.969035121808866,0.3221991742141732
dst,derived_duration_midpoint_age,28,Weekday,DST,-0.3478103796305883,6.67097027588748,7.018780655518068,3.1615799481284457,7.262563129662786,0.24378247414471857,3.4165418303243102,0.2549618821958646
dst,derived_duration_midpoint_age,28,Weekday,NoDST,-0.6002264151512247,6.3238176180753065,6.924044033226531,2.861795601462041,7.208382819091159,0.2843387858646276,3.1798344734429733,0.3180388719809315
dst,derived_duration_midpoint_age,28,Weekend,DST,0.22693298632839937,7.661849924871392,7.434916938542993,3.944391455599896,7.706558387536849,0.2716414489938561,4.216400728286315,0.27200927268641806
dst,derived_duration_midpoint_age,28,Weekend,NoDST,-0.05262790651647402,7.266787061554616,7.31941496807109,3.607079577519071,7.633406410256921,0.31399144218583075,3.927285150196489,0.320205572677418
dst,derived_duration_midpoint_age,29,Weekday,DST,-0.3872223101519871,6.63372657078381,7.020948880935797,3.1232521303159113,7.258564982151262,0.2376161012154654,3.3763374855706476,0.2530853552547363
dst,derived_duration_midpoint_age,29,Weekday,NoDST,-0.6396383456726233,6.286573912971637,6.92621225864426,2.823467783649507,7.204384671579635,0.2781724129353744,3.1396301286893102,0.3161623450398032
dst,derived_duration_midpoint_age,29,Weekend,DST,0.18335578590169416,7.628863919417295,7.445508133515601,3.9061098526594944,7.710458314639944,0.2649501811243429,4.176025634024998,0.2699157813655031
dst,derived_duration_midpoint_age,29,Weekend,NoDST,-0.09620510694317916,7.23380105610052,7.330006163043699,3.56879797457867,7.637306337360015,0.3073001743163166,3.886910055935172,0.31811208135650126
dst,derived_duration_midpoint_age,30,Weekday,DST,-0.4252141967664117,6.598716028279108,7.02393022504552,3.0867509157563484,7.255320090396545,0.23138986535102468,3.3378568044122066,0.25110588865585726
dst,derived_duration_midpoint_age,30,Weekday,NoDST,-0.677630232287048,6.251563370466935,6.929193602753983,2.7869665690899437,7.201139779824917,0.2719461770709337,3.1011494475308696,0.31418287844092596
dst,derived_duration_midpoint_age,30,Weekend,DST,0.14108069888178898,7.597525334826841,7.4564446359450525,3.869303016854315,7.714654365443112,0.2582097294980592,4.137025417114744,0.2677224002604284
dst,derived_duration_midpoint_age,30,Weekend,NoDST,-0.13848019396308436,7.202462471510065,7.340942665473149,3.5319911387734906,7.641502388163183,0.30055972269003384,3.847909839024917,0.31591870025142654
dst,derived_duration_midpoint_age,31,Weekday,DST,-0.4617860394738618,6.565938648373375,7.027724687847236,3.052076304449756,7.252828454398633,0.2251037665513973,3.301099786848987,0.249023482399231
dst,derived_duration_midpoint_age,31,Weekday,NoDST,-0.714202074994498,6.2187859905612015,6.9329880655556995,2.752291957783352,7.198648143827006,0.26566007827130633,3.06439242996765,0.31210047218429793
dst,derived_duration_midpoint_age,31,Weekend,DST,0.10010772526868383,7.567834171100027,7.467726445831343,3.8339709481843554,7.719146539946354,0.25142009411501043,4.09940007755555,0.2654291293711939
dst,derived_duration_midpoint_age,31,Weekend,NoDST,-0.17945316757618948,7.172771307783251,7.352224475359441,3.496659070103531,7.645994562666425,0.2937700873069842,3.8102844994657232,0.31362542936219207
dst,derived_duration_midpoint_age,32,Weekday,DST,-0.4969378382743376,6.535394431066609,7.032332269340947,3.019228296396136,7.251090074157528,0.21875780481658055,3.26606643288099,0.246838136484854
dst,derived_duration_midpoint_age,32,Weekday,NoDST,-0.7493538737949739,6.188241773254436,6.93759564704941,2.719443949729731,7.1969097635859,0.2593141165364905,3.029359075999653,0.3099151262699227
dst,derived_duration_midpoint_age,32,Weekend,DST,0.06043686506237878,7.539790428236855,7.479353563174476,3.8001136466496166,7.723934838149669,0.244581274975193,4.063149615347419,0.2630359686978032
dst,derived_duration_midpoint_age,32,Weekend,NoDST,-0.21912402778249457,7.144727564920079,7.363851592702574,3.4628017685687924,7.65078286086974,0.28693126816716674,3.774034037257592,0.3112322686887996
dst,derived_duration_midpoint_age,33,Weekday,DST,-0.5306695931678389,6.507083376358812,7.037752969526651,2.9882068915954867,7.250104949673228,0.2123519801465772,3.232756742508215,0.24454985091272796
dst,derived_duration_midpoint_age,33,Weekday,NoDST,-0.7830856286884752,6.159930718546639,6.9430163472351145,2.688422544929082,7.195924639101601,0.2529082918664862,2.996049385626878,0.30762684069779667
dst,derived_duration_midpoint_age,33,Weekend,DST,0.02206811826287373,7.513394106237325,7.491325987974451,3.7677311122500994,7.729019260053058,0.2376932720786069,4.0282740304903495,0.260542918240251
dst,derived_duration_midpoint_age,33,Weekend,NoDST,-0.25749277458199954,7.11833124292055,7.375824017502549,3.430419234169275,7.65586728277313,0.28004326527058065,3.739158452400522,0.3087392182312474
dst,derived_duration_midpoint_age,34,Weekday,DST,-0.5629813041543661,6.481005484249983,7.043986788404349,2.9590120900478087,7.249873080945735,0.20588629254138535,3.2011707157306617,0.24215862568285296
dst,derived_duration_midpoint_age,34,Weekday,NoDST,-0.8153973396750024,6.13385282643781,6.9492501661128125,2.659227743381404,7.195692770374107,0.2464426042612944,2.9644633588493248,0.30523561546792166
dst,derived_duration_midpoint_age,34,Weekend,DST,-0.01499851512983114,7.488645205101436,7.503643720231268,3.736823344985803,7.734399805656521,0.23075608542525303,3.994773322984341,0.25794997799853725
dst,derived_duration_midpoint_age,34,Weekend,NoDST,-0.2945594079747045,7.093582341784661,7.388141749759365,3.399511466904978,7.661247828376593,0.2731060786172277,3.7056577448945136,0.3061462779895354
dst,derived_duration_midpoint_age,35,Weekday,DST,-0.593872971233919,6.457160754740122,7.051033725974041,2.931643891753102,7.250394467975047,0.19936074200100595,3.1713083525483308,0.23966446079522896
dst,derived_duration_midpoint_age,35,Weekday,NoDST,-0.8462890067545553,6.110008096927949,6.9562971036825045,2.631859545086697,7.1962141574034195,0.239917053720915,2.934600995666994,0.3027414505802959
dst,derived_duration_midpoint_age,35,Weekend,DST,-0.05076303511573628,7.465543724829188,7.516306759944924,3.7073903448567256,7.740076474960057,0.2237697150151332,3.962647492829394,0.2552571479726691
dst,derived_duration_midpoint_age,35,Weekend,NoDST,-0.3303239279606096,7.070480861512412,7.400804789473022,3.3700784667759014,7.666924497680129,0.26611970820710695,3.673531914739568,0.30345344796366547
dst,derived_duration_midpoint_age,36,Weekday,DST,-0.6233445944064975,6.4355491878292295,7.058893782235727,2.9061022967113663,7.251669110761166,0.192775328525439,3.1431696529612214,0.237067356249856
dst,derived_duration_midpoint_age,36,Weekday,NoDST,-0.8757606299271338,6.088396530017056,6.9641571599441905,2.6063179500449616,7.1974888001895385,0.23333164024534803,2.9064622960798845,0.3001443460349229
dst,derived_duration_midpoint_age,36,Weekend,DST,-0.0852254416948412,7.444089665420583,7.529315107115424,3.679432111862871,7.746049267963668,0.2167341608482447,3.9318965400255097,0.25246442816263936
dst,derived_duration_midpoint_age,36,Weekend,NoDST,-0.36478633453971454,7.049026802103807,7.413813136643522,3.342120233782046,7.67289729068374,0.25908415404021845,3.642780961935683,0.30066072815363754
dst,derived_duration_midpoint_age,37,Weekday,DST,-0.6513961736721017,6.416170783517305,7.067566957189407,2.882387304922602,7.253697009304091,0.1861300521146836,3.116754616969335,0.23436731204673225
dst,derived_duration_midpoint_age,37,Weekday,NoDST,-0.903812209192738,6.069018125705132,6.97283033489787,2.582602958256197,7.199516698732463,0.22668636383459265,2.8800472600879976,0.29744430183180093
dst,derived_duration_midpoint_age,37,Weekend,DST,-0.11838573486714617,7.424283026875619,7.542668761742765,3.652948646004236,7.752318184667352,0.20964942292458755,3.902520464572686,0.2495718185684499
dst,derived_duration_midpoint_age,37,Weekend,NoDST,-0.3979466277120195,7.029220163558843,7.427166791270863,3.315636767923412,7.679166207387424,0.2519994161165613,3.613404886482859,0.29776811855944807
dst,derived_duration_midpoint_age,38,Weekday,DST,-0.6780277090307316,6.399025541804349,7.07705325083508,2.8604989163868084,7.2564781636038225,0.1794249127687424,3.0920632445726697,0.23156432818586128
dst,derived_duration_midpoint_age,38,Weekday,NoDST,-0.930443744551368,6.051872883992176,6.982316628543543,2.5607145697204037,7.202297853032195,0.21998122448865143,2.8553558876913323,0.2946413179709282
dst,derived_duration_midpoint_age,38,Weekend,DST,-0.15024391463265108,7.406123809194296,7.556367723826947,3.6279399472808223,7.758883225071111,0.2025155012441644,3.874519266470924,0.24657931919010245
dst,derived_duration_midpoint_age,38,Weekend,NoDST,-0.4298048074775243,7.01106094587752,7.440865753355045,3.290628069199998,7.685731247791183,0.24486549443613817,3.585403688381098,0.29477561918109885
dst,derived_duration_midpoint_age,39,Weekday,DST,-0.7032392004823871,6.384113462690361,7.087352663172748,2.840437131103987,7.26001257366036,0.17265991048761187,3.0690955357712264,0.22865840466723952
dst,derived_duration_midpoint_age,39,Weekday,NoDST,-0.9556552360030234,6.036960804878188,6.992616040881211,2.540652784437582,7.205832263088732,0.2132162222075209,2.8323881788898895,0.29173539445230645
dst,derived_duration_midpoint_age,39,Weekend,DST,-0.180799980991356,7.389612012376615,7.570411993367971,3.6044060156926294,7.765744389174943,0.1953323958069717,3.8478929457202247,0.24348693002759525
dst,derived_duration_midpoint_age,39,Weekend,NoDST,-0.4603608738362294,6.994549149059839,7.454910022896069,3.2670941376118052,7.692592411895014,0.23768238899894545,3.558777367630398,0.2916832300185934
dst,derived_duration_midpoint_age,40,Weekday,DST,-0.7270306480270683,6.37143454617534,7.098465194202409,2.8222019490741364,7.264300239473703,0.16583504527129378,3.047851490565005,0.2256495414908688
dst,derived_duration_midpoint_age,40,Weekday,NoDST,-0.9794466835477046,6.024281888363167,7.003728571910872,2.5224176024077316,7.210119928902075,0.2063913569912028,2.811144133683668,0.2887265312759375
dst,derived_duration_midpoint_age,40,Weekend,DST,-0.21005393394326088,7.374747636422574,7.584801570365835,3.582346851239657,7.772901676978848,0.18810010661301305,3.8226415023205864,0.24029465108093007
dst,derived_duration_midpoint_age,40,Weekend,NoDST,-0.4896148267881342,6.979684773105799,7.469299599893933,3.245034973158832,7.69974969969892,0.23045009980498676,3.53352592423076,0.28849095107192824
dst,derived_duration_midpoint_age,41,Weekday,DST,-0.7494020516647752,6.36098879225929,7.1103908439240655,2.8057933702972573,7.269341161043852,0.15895031711978636,3.0283311089540064,0.22253773865674908
dst,derived_duration_midpoint_age,41,Weekday,NoDST,-1.0018180871854114,6.013836134447117,7.015654221632529,2.506009023630853,7.215160850472224,0.1995066288396954,2.7916237520726694,0.285614728441816
dst,derived_duration_midpoint_age,41,Weekend,DST,-0.2380057734883657,7.3615306813321775,7.599536454820544,3.561762453921906,7.780355088482827,0.1808186336622839,3.79876493627201,0.23700248235010335
dst,derived_duration_midpoint_age,41,Weekend,NoDST,-0.517566666333239,6.966467818015402,7.484034484348641,3.2244505758410815,7.707203111202899,0.22316862685425853,3.5096493581821835,0.2851987823411015
dst,derived_duration_midpoint_age,42,Weekday,DST,-0.7703534113955077,6.352776200942206,7.123129612337714,2.7912113947733497,7.275135338370807,0.15200572603309226,3.010534390938229,0.2193229961648804
dst,derived_duration_midpoint_age,42,Weekday,NoDST,-1.022769446916144,6.005623543130033,7.028392990046177,2.4914270481069445,7.220955027799179,0.19256203775300215,2.773827034056892,0.2823999859499473
dst,derived_duration_midpoint_age,42,Weekend,DST,-0.26465549962667045,7.349961147105421,7.614616646732091,3.542652823739375,7.78810462368688,0.17348797695478968,3.776263247574495,0.23361042383512043
dst,derived_duration_midpoint_age,42,Weekend,NoDST,-0.5442163924715437,6.954898283788645,7.499114676260189,3.2053409456585507,7.714952646406952,0.21583797014676345,3.487147669484669,0.2818067238261186
dst,derived_duration_midpoint_age,43,Weekday,DST,-0.789884727219266,6.34679677222409,7.136681499443356,2.778456022502412,7.281682771454569,0.14500127201121238,2.994461336517674,0.21600531401526268
dst,derived_duration_midpoint_age,43,Weekday,NoDST,-1.0423007627399024,5.999644114411917,7.04194487715182,2.478671675836007,7.227502460882941,0.1855575837311214,2.7577539796363366,0.2790823038003296
dst,derived_duration_midpoint_age,43,Weekend,DST,-0.29000311235817533,7.340039033742305,7.630042146100481,3.525017960692065,7.796150282591007,0.1661081364905268,3.7551364362280415,0.23011847553597595
dst,derived_duration_midpoint_age,43,Weekend,NoDST,-0.5695640052030488,6.944976170425529,7.514540175628579,3.1877060826112404,7.722998305311079,0.20845812968250055,3.466020858138215,0.27831477552697415
dst,derived_duration_midpoint_age,44,Weekday,DST,-0.8079959991360499,6.343050506104944,7.151046505240993,2.7675272534844466,7.288983460295136,0.13793695505414316,2.980111945692341,0.21258469220789425
dst,derived_duration_midpoint_age,44,Weekday,NoDST,-1.0604120346566863,5.9958978482927705,7.056309882949456,2.467742906818042,7.234803149723509,0.1784932667740522,2.7434045888110035,0.27566168199296115
dst,derived_duration_midpoint_age,44,Weekend,DST,-0.31404861168288006,7.331764341242832,7.645812952925712,3.508857864779976,7.804492065195208,0.15867911226949616,3.73538450223265,0.2265266374526735
dst,derived_duration_midpoint_age,44,Weekend,NoDST,-0.5936095045277534,6.936701477926056,7.53031098245381,3.171545986699152,7.73134008791528,0.2010291054614699,3.4462689241428235,0.2747229374436717
dst,derived_duration_midpoint_age,45,Weekday,DST,-0.8246872271458594,6.341537402584764,7.166224629730624,2.7584250877194525,7.297037404892509,0.1308127751618855,2.9674862184622297,0.20906113074277677
dst,derived_duration_midpoint_age,45,Weekday,NoDST,-1.0771032626664958,5.994384744772591,7.071488007439087,2.458640741053048,7.242857094320882,0.17136908688179453,2.730778861580893,0.2721381205278455
dst,derived_duration_midpoint_age,45,Weekend,DST,-0.3367919976007848,7.325137069606999,7.661929067207784,3.494172536003107,7.813129971499483,0.15120090429169863,3.71700744558832,0.22283490958521313
dst,derived_duration_midpoint_age,45,Weekend,NoDST,-0.6163528904456583,6.930074206290223,7.546427096735882,3.156860657922283,7.739977994219554,0.1935508974836724,3.4278918674984937,0.2710312095762113
dst,derived_duration_midpoint_age,46,Weekday,DST,-0.8399584112486946,6.342257461663554,7.1822158729122485,2.7511495252074294,7.30584460524669,0.12362873233444116,2.9565841548273406,0.2054346296199121
dst,derived_duration_midpoint_age,46,Weekday,NoDST,-1.0923744467693308,5.995104803851381,7.087479250620712,2.451365178541025,7.251664294675062,0.1641850440543502,2.7198767979460037,0.26851161940497903
dst,derived_duration_midpoint_age,46,Weekend,DST,-0.35823327011188955,7.320157218834809,7.678390488946699,3.4809619743614597,7.822064001503831,0.14367351255713243,3.700005266295052,0.21904329193359295
dst,derived_duration_midpoint_age,46,Weekend,NoDST,-0.63779416295676306,6.925094355518033,7.5628885184747965,3.143650096280635,7.748912024223903,0.1860235057491062,3.4108896882052258,0.2672395919245911
dst,derived_duration_midpoint_age,47,Weekday,DST,-0.8538095514445556,6.3452106833413104,7.199020234785866,2.7457005659483773,7.315405061357675,0.11638482657180838,2.9474057547876735,0.20170518883929667
dst,derived_duration_midpoint_age,47,Weekday,NoDST,-1.1062255869651918,5.998058025529137,7.10428361249433,2.445916219281973,7.261224750786047,0.1569411382917174,2.710698397906336,0.2647821786243636
dst,derived_duration_midpoint_age,47,Weekend,DST,-0.3783724292161942,7.316824788926259,7.695197218142453,3.469226179855032,7.831294155208252,0.1360969370657994,3.684377964352845,0.21515178449781305
dst,derived_duration_midpoint_age,47,Weekend,NoDST,-0.6579333220610675,6.921761925609483,7.579695247670551,3.131914301774208,7.758142177928324,0.17844693025777314,3.3952623862630187,0.2633480844888112
dst,derived_duration_midpoint_age,48,Weekday,DST,-0.8662406477334421,6.350397067618037,7.216637715351479,2.7420782099422976,7.325718773225467,0.10908105787398804,2.9399510183432285,0.19787280840093047
dst,derived_duration_midpoint_age,48,Weekday,NoDST,-1.1186566832540783,6.0032444098058635,7.121901093059941,2.4422938632758924,7.271538462653839,0.14963736959389795,2.703243661461891,0.26094979818599917
dst,derived_duration_midpoint_age,48,Weekend,DST,-0.3972094749136989,7.315139779881352,7.712349254795051,3.4589651524838265,7.840820432612749,0.12847117781769857,3.6701255397617,0.21116038727787337
dst,derived_duration_midpoint_age,48,Weekend,NoDST,-0.6767703677585724,6.920076916564576,7.5968472843231485,3.121653274403002,7.767668455332821,0.1708211710096723,3.381009961671874,0.2593566872688715
dst,derived_duration_midpoint_age,49,Weekday,DST,-0.8772517001153546,6.35781661449373,7.235068314609085,2.7402824571891875,7.336785740850066,0.101717426240981,2.9342199454940054,0.19393748830481883
dst,derived_duration_midpoint_age,49,Weekday,NoDST,-1.1296677356359908,6.010663956681557,7.140331692317548,2.440498110522783,7.282605430278438,0.14227373796089005,2.6975125886126685,0.25701447808988576
dst,derived_duration_midpoint_age,49,Weekend,DST,-0.4147444072044037,7.3151021917000865,7.72984659890449,3.450178892247841,7.850642833717318,0.1207962348128282,3.6572479925216177,0.20706910027377745
dst,derived_duration_midpoint_age,49,Weekend,NoDST,-0.6943053000492769,6.920039328383311,7.614344628432588,3.112867014167017,7.77749085643739,0.16314622800480194,3.3681324144317912,0.25526540026477385
dst,derived_duration_midpoint_age,50,Weekday,DST,-0.8868427085902926,6.3674693239683915,7.254312032558684,2.74031330768905,7.348605964231469,0.09429393167278466,2.930212536240004,0.18989922855095465
dst,derived_duration_midpoint_age,50,Weekday,NoDST,-1.1392587441109288,6.020316666156218,7.159575410267147,2.4405289610226446,7.294425653659841,0.13485024339269458,2.693505179358666,0.2529762183360216
dst,derived_duration_midpoint_age,50,Weekend,DST,-0.4309772260883083,7.316712024382461,7.74768925047077,3.4428673991470764,7.860761358521962,0.11307210805119185,3.645745322632595,0.20287792348551825
dst,derived_duration_midpoint_age,50,Weekend,NoDST,-0.7105381189331816,6.921649161065686,7.632187279998867,3.105555521066252,7.787609381242033,0.15542210124316647,3.3566297445427686,0.2510742234765164
dst,derived_duration_midpoint_age,51,Weekday,DST,-0.8950136731582561,6.379355196042022,7.274368869200278,2.7421707614418827,7.36117944336968,0.08681057416940163,2.927928790581225,0.18575802913934325
dst,derived_duration_midpoint_age,51,Weekday,NoDST,-1.1474297086788925,6.032202538229849,7.179632246908741,2.4423864147754784,7.306999132798052,0.1273668858893107,2.691221433699888,0.24883501892441015
dst,derived_duration_midpoint_age,51,Weekend,DST,-0.4459079315654127,7.319969277928478,7.76587720949389,3.4370306731815323,7.87117600702668,0.10529879753278948,3.635617530094635,0.19858685691310285
dst,derived_duration_midpoint_age,51,Weekend,NoDST,-0.725468824410286,6.924906414611702,7.650375239021988,3.099718795100708,7.79802402974675,0.14764879072476145,3.3465019520048096,0.24678315690410105
dst,derived_duration_midpoint_age,52,Weekday,DST,-0.9017645938192452,6.39347423071462,7.2952388245338655,2.7458548184476874,7.374506178264697,0.07926735373083105,2.9273687085176676,0.1815138900699793
dst,derived_duration_midpoint_age,52,Weekday,NoDST,-1.1541806293398815,6.046321572902447,7.200502202242329,2.4460704717812827,7.320325867693069,0.11982366545074008,2.6906613516363302,0.244590879855048
dst,derived_duration_midpoint_age,52,Weekend,DST,-0.4595365236357173,7.324873952338136,7.784410475973853,3.4326687143512093,7.88188677923147,0.09747630325761668,3.626864614907737,0.1941959005565277
dst,derived_duration_midpoint_age,52,Weekend,NoDST,-0.7390974164805907,6.929811089021361,7.668908505501952,3.095356836270385,7.808734801951542,0.13982629644959044,3.3377490368179106,0.24239220054752583
dst,derived_duration_midpoint_age,53,Weekday,DST,-0.9070954705732605,6.409826427986186,7.316921898559446,2.7513654787064628,7.388586168916518,0.07166427035707201,2.9285322900493327,0.1771668113428699
dst,derived_duration_midpoint_age,53,Weekday,NoDST,-1.1595115060938967,6.062673770174013,7.222185276267909,2.451581132040058,7.334405858344891,0.11222058207698105,2.691824933167996,0.24024380112793864
dst,derived_duration_midpoint_age,53,Weekend,DST,-0.4718630022992219,7.331426047611436,7.803289049910658,3.429781522656107,7.892893675136334,0.08960462522567614,3.619486577071901,0.18970505441579455
dst,derived_duration_midpoint_age,53,Weekend,NoDST,-0.7514238951440952,6.936363184294661,7.687787079438756,3.092469644575283,7.819741697856406,0.13195461841764988,3.3303709989820742,0.23790135440679097
dst,derived_duration_midpoint_age,54,Weekday,DST,-0.9110063034203008,6.428411787856721,7.339418091277022,2.75870274221821,7.403419415325147,0.06400132404812542,2.93141953517622,0.1727167929580098
dst,derived_duration_midpoint_age,54,Weekday,NoDST,-1.1634223389409373,6.081259130044548,7.244681468985485,2.4589183955518052,7.34923910475352,0.10455763576803444,2.694712178294883,0.23579378274307672
dst,derived_duration_midpoint_age,54,Weekend,DST,-0.48288736755592637,7.339625563748378,7.822512931304304,3.428369098096226,7.904196694741272,0.0816837634369687,3.6134834165871266,0.18511431849090165
dst,derived_duration_midpoint_age,54,Weekend,NoDST,-0.7624482604007998,6.944562700431602,7.707010960832402,3.0910572200154007,7.831044717461344,0.12403375662894243,3.3243678384973,0.23331061848189985
dst,derived_duration_midpoint_age,55,Weekday,DST,-0.9134970923603674,6.449230310326223,7.362727402686591,2.767866608982928,7.419005917490581,0.05627851480398949,2.9360304438983285,0.16816383491540066
dst,derived_duration_midpoint_age,55,Weekday,NoDST,-1.1659131278810038,6.10207765251405,7.2679907803950545,2.4680822623165235,7.364825606918953,0.09683482652389852,2.6993230870169915,0.2312408247004676
dst,derived_duration_midpoint_age,55,Weekend,DST,-0.4926096194058309,7.349472500748961,7.842082120154792,3.4284314406715652,7.915795838046284,0.07371371789149173,3.608855133453413,0.1804236927818472
dst,derived_duration_midpoint_age,55,Weekend,NoDST,-0.7721705122507043,6.954409637432185,7.726580149682889,3.09111956259074,7.842643860766356,0.11606371108346636,3.3197395553635864,0.2286199927728454
dst,derived_duration_midpoint_age,56,Weekday,DST,-0.9145678373934591,6.472281995394694,7.386849832788154,2.778857079000618,7.435345675412821,0.04849584262466777,2.942365016215659,0.16350793721504076
dst,derived_duration_midpoint_age,56,Weekday,NoDST,-1.1669838729140951,6.125129337582521,7.292113210496616,2.4790727323342128,7.381165364841194,0.0890521543445777,2.705657659334322,0.22658492700010943
dst,derived_duration_midpoint_age,56,Weekend,DST,-0.5010297578489353,7.360966858613185,7.861996616462121,3.4299685503821253,7.92769110505137,0.06569448858924876,3.605601727670761,0.1756331772886348
dst,derived_duration_midpoint_age,56,Weekend,NoDST,-0.7805906506938088,6.96590399529641,7.746494645990219,3.0926566723013007,7.854539127771441,0.1080444817812225,3.3164861495809346,0.22382947727963295
dst,derived_duration_midpoint_age,57,Weekday,DST,-0.9142185385195768,6.497566843062134,7.41178538158171,2.7916741522712782,7.452438689091869,0.0406533075101585,2.9504232521282123,0.15874909985693364
dst,derived_duration_midpoint_age,57,Weekday,NoDST,-1.166634574040213,6.150414185249961,7.317048759290174,2.4918898056048735,7.398258378520241,0.08120961923006753,2.7137158952468754,0.22182608964200232
dst,derived_duration_midpoint_age,57,Weekend,DST,-0.5081477828852398,7.374108637341052,7.882256420226291,3.4329804272279056,7.939882495756531,0.05762607553023979,3.603723199239172,0.1707427720112662
dst,derived_duration_midpoint_age,57,Weekend,NoDST,-0.7877086757301132,6.979045774024276,7.766754449754389,3.0956685491470814,7.866730518476603,0.09997606872221354,3.314607621149346,0.21893907200226437
dst,derived_duration_midpoint_age,58,Weekday,DST,-0.9124491957387202,6.525084853328541,7.437534049067261,2.80631782879491,7.470284958527722,0.03275090946046077,2.960205151635987,0.1538873228410775
dst,derived_duration_midpoint_age,58,Weekday,NoDST,-1.1648652312593564,6.177932195516368,7.342797426775724,2.5065334821285057,7.416104647956094,0.07330722118036981,2.7234977947546497,0.2169643126261445
dst,derived_duration_midpoint_age,58,Weekend,DST,-0.5139636945147443,7.388897836932559,7.902861531447304,3.4374670712089075,7.952370010161764,0.0495084787144604,3.603219548158643,0.16575247694973605
dst,derived_duration_midpoint_age,58,Weekend,NoDST,-0.7935245873596177,6.993834973615783,7.787359560975401,3.1001551931280824,7.879218032881836,0.09185847190643504,3.3141039700688166,0.21394877694073425
dst,derived_duration_midpoint_age,59,Weekday,DST,-0.9092598090508892,6.554836026193916,7.464095835244805,2.8227881085715136,7.488884483720381,0.02478864847557549,2.971710714738984,0.14892260616747066
dst,derived_duration_midpoint_age,59,Weekday,NoDST,-1.1616758445715254,6.207683368381743,7.369359212953269,2.523003761905109,7.434704173148753,0.06534496019548452,2.7350033578576465,0.2119995959525376
dst,derived_duration_midpoint_age,59,Weekend,DST,-0.5184774927374486,7.405334457387708,7.923811950125157,3.44342848232513,7.965153648267072,0.04134169814191502,3.6040907744291766,0.16066229210404614
dst,derived_duration_midpoint_age,59,Weekend,NoDST,-0.7980383855823221,7.010271594070933,7.808309979653256,3.106116604244306,7.892001670987144,0.08369169133388787,3.31497519633935,0.20885859209504432
dst,derived_duration_midpoint_age,60,Weekday,DST,-0.9046503784560838,6.586820361658261,7.491470740114344,2.8410849916010887,7.508237264669845,0.01676652455550087,2.984939941437202,0.1438549498361148
dst,derived_duration_midpoint_age,60,Weekday,NoDST,-1.15706641397672,6.239667703846088,7.396734117822808,2.541300644934684,7.454056954098218,0.0573228362754099,2.7482325845558657,0.20693193962118173
dst,derived_duration_midpoint_age,60,Weekend,DST,-0.521689177553353,7.423418498706501,7.945107676259854,3.450864660576574,7.978233410072453,0.0331257338125992,3.606336878050772,0.15547221747419826
dst,derived_duration_midpoint_age,60,Weekend,NoDST,-0.8012500703982263,7.028355635389725,7.829605705787952,3.1135527824957494,7.9050814327925245,0.07547572700457295,3.3172212999609454,0.20366851746519643
dst,derived_duration_midpoint_age,61,Weekday,DST,-0.8986209039543043,6.621037859721572,7.519658763675877,2.8612084778836344,7.5283433013761165,0.00868453770023958,2.9998928317306435,0.13868435384700817
dst,derived_duration_midpoint_age,61,Weekday,NoDST,-1.1510369394749405,6.273885201909399,7.424922141384339,2.5614241312172292,7.474162990804489,0.0492408494201495,2.7631854748493065,0.20176134363207687
dst,derived_duration_midpoint_age,61,Weekend,DST,-0.5235987489624573,7.443149960888933,7.96674870985139,3.459775605963238,7.991609295577908,0.02486058572651828,3.609957859023429,0.15018225306019062
dst,derived_duration_midpoint_age,61,Weekend,NoDST,-0.8031596418073307,7.048087097572157,7.851246739379488,3.122463727882413,7.91845731829798,0.06721057891849203,3.3208422809336025,0.1983785530511888
dst,derived_duration_midpoint_age,62,Weekday,DST,-0.8911713855455503,6.657488520383852,7.548659905929402,2.8831585674191507,7.549202593839194,5.426879097916171e-4,3.0165693856193063,0.1334108182001561
dst,derived_duration_midpoint_age,62,Weekday,NoDST,-1.1435874210661865,6.310335862571679,7.453923283637866,2.5833742207527464,7.495022283267566,0.04109899962970065,2.779862028737969,0.19648780798522303
dst,derived_duration_midpoint_age,62,Weekend,DST,-0.5242062069647616,7.464528843935006,7.988735050899767,3.470161318485122,8.005281304783438,0.01654625388367048,3.614953717347147,0.144792398862025
dst,derived_duration_midpoint_age,62,Weekend,NoDST,-0.803767099809635,7.06946598061823,7.873233080427865,3.1328494404042977,7.932129327503509,0.05889624707564422,3.3258381392573204,0.19298869885302317
dst,derived_duration_midpoint_age,63,Weekday,DST,-0.8823018232298221,6.696172343645101,7.578474166874923,2.9069352602076393,7.570815142059077,-0.00765902481584568,3.034969603103191,0.1280343428955515
dst,derived_duration_midpoint_age,63,Weekday,NoDST,-1.1347178587504585,6.3490196858329275,7.483737544583386,2.6071509135412345,7.516634831487449,0.03289728690406335,2.798262246221854,0.1911113326806202
dst,derived_duration_midpoint_age,63,Weekend,DST,-0.5235115515602661,7.487555147844721,8.011066699404987,3.4820217981422275,8.019249437689039,0.00818273828405224,3.621324453021927,0.13930265487969962
dst,derived_duration_midpoint_age,63,Weekend,NoDST,-0.8030724444051394,7.092492284527945,7.895564728933085,3.144709920061403,7.946097460409111,0.05053273147602599,3.3322088749321006,0.1874989548706978
dst,derived_duration_midpoint_age,64,Weekday,DST,-0.8720122170071194,6.7370893295053165,7.609101546512436,2.9325385562490984,7.593180946035766,-0.01592060047666965,3.055093484182298,0.12255492793319966
dst,derived_duration_midpoint_age,64,Weekday,NoDST,-1.1244282525277556,6.389936671693143,7.514364924220899,2.632754209582694,7.539000635464139,0.02463571124323937,2.818386127300961,0.1856319177182666
dst,derived_duration_midpoint_age,64,Weekend,DST,-0.5215147827489702,7.512228872618078,8.033743655367047,3.4953570449345532,8.033513694294715,-2.299610723319745e-4,3.6290700660477695,0.13371302111321626
dst,derived_duration_midpoint_age,64,Weekend,NoDST,-0.8010756755938436,7.117166009301302,7.918241684895146,3.1580451668537295,7.960361717014786,0.04212003211963999,3.339954487957943,0.18190932110421443
dst,derived_duration_midpoint_age,65,Weekday,DST,-0.8603025668774424,6.780239477964502,7.640542044841944,2.95996845554353,7.616300005769261,-0.02424203907268296,3.076941028856627,0.11697257331309709
dst,derived_duration_midpoint_age,65,Weekday,NoDST,-1.1127186023980786,6.433086820152329,7.545805422550407,2.6601841088771248,7.562119695197634,0.01631427264722695,2.84023367197529,0.18004956309816578
dst,derived_duration_midpoint_age,65,Weekend,DST,-0.5182159005308745,7.538550018255076,8.05676591878595,3.510167058862101,8.048074074600464,-0.00869184418548663,3.638190556424673,0.12802349756257136
dst,derived_duration_midpoint_age,65,Weekend,NoDST,-0.7977767933757478,7.143487154938301,7.941263948314049,3.1728551807812764,7.974922097320537,0.033658149006488,3.3490749783348464,0.1762197975535695
dst,derived_duration_midpoint_age,66,Weekday,DST,-0.847172872840791,6.825622789022654,7.672795661863446,2.989224958090932,7.640172321259564,-0.03262334060388205,3.1005122371261775,0.11128727903524548
dst,derived_duration_midpoint_age,66,Weekday,NoDST,-1.0995889083614272,6.478470131210481,7.578059039571908,2.689440611424527,7.585992010687936,0.00793297111602786,2.8638048802448406,0.1743642688203142
dst,derived_duration_midpoint_age,66,Weekend,DST,-0.5136149049059786,7.566518584755716,8.080133489661694,3.5264518399248685,8.062930578606288,-0.01720291105540639,3.648685924152638,0.12223408422777028
dst,derived_duration_midpoint_age,66,Weekend,NoDST,-0.7931757977508521,7.1714557214389405,7.964631519189792,3.189139961844044,7.98977860132636,0.02514708213656735,3.3595703460628115,0.17043038421876844
dst,derived_duration_midpoint_age,67,Weekday,DST,-0.8326231348971656,6.873239262679775,7.70586239757694,3.0203080638913047,7.664797892506671,-0.04106450507026871,3.1258071089909505,0.10549904509964492
dst,derived_duration_midpoint_age,67,Weekday,NoDST,-1.0850391704178015,6.526086604867602,7.611125775285403,2.7205237172249,7.610617581935044,-5.081933503596758e-4,2.8890997521096136,0.16857603488471362
dst,derived_duration_midpoint_age,67,Weekend,DST,-0.5077117958742828,7.596134572119997,8.10384636799428,3.5442113881228567,8.078083206312186,-0.02576316168209302,3.660556169231665,0.11634478110880764
dst,derived_duration_midpoint_age,67,Weekend,NoDST,-0.7872726887191561,7.201071708803221,7.988344397522377,3.206899510042033,8.004931229032259,0.0165868315098816,3.3714405911418384,0.1645410810998058
dst,derived_duration_midpoint_age,68,Weekday,DST,-0.8166533530465656,6.923088898935863,7.739742251982429,3.053217772944649,7.690176719510585,-0.0495655324718447,3.152825644450945,0.09960787150629712
dst,derived_duration_midpoint_age,68,Weekday,NoDST,-1.0690693885672018,6.57593624112369,7.645005629690893,2.7534334262782445,7.635996408938957,-0.00900922075193566,2.916118287569608,0.16268486129136406
dst,derived_duration_midpoint_age,68,Weekend,DST,-0.5005065734357872,7.62739798034792,8.127904553783706,3.5634457034560656,8.093531957718156,-0.0343725960655501,3.673801291661753,0.11035558820568704
dst,derived_duration_midpoint_age,68,Weekend,NoDST,-0.7800674662806606,7.232335117031144,8.012402583311804,3.2261338253752414,8.020379980438229,0.00797739712642453,3.3846857135719266,0.1585518881966852
dst,derived_duration_midpoint_age,69,Weekday,DST,-0.7992635272889912,6.975171697790921,7.774435225079912,3.0879540852509644,7.716308802271305,-0.05812642280860647,3.181567843506162,0.09361375825519858
dst,derived_duration_midpoint_age,69,Weekday,NoDST,-1.0516795628096274,6.6280190399787475,7.679698602788375,2.78816973858456,7.662128491699677,-0.01757011108869743,2.944860486624825,0.1566907480402655
dst,derived_duration_midpoint_age,69,Weekend,DST,-0.49199923759049113,7.660308809439483,8.152308047029974,3.584154785924496,8.109276832824204,-0.04303121420577049,3.688421291442903,0.10426650551840666
dst,derived_duration_midpoint_age,69,Weekend,NoDST,-0.7715601304353645,7.2652459461227075,8.036806076558072,3.2468429078436714,8.036124855544276,-6.81221013795863e-4,3.399305713353077,0.15246280550940483
dst,derived_duration_midpoint_age,70,Weekday,DST,-0.7804536576244427,7.029487659244946,7.809941316869389,3.1245170008102514,7.743194140788831,-0.06674717608055758,3.2120337061566007,0.08751670534634926
dst,derived_duration_midpoint_age,70,Weekday,NoDST,-1.032869693145079,6.682335001432773,7.715204694577852,2.824732654143847,7.6890138302172035,-0.02619086436064854,2.9753263492752637,0.15059369513141618
dst,derived_duration_midpoint_age,70,Weekend,DST,-0.48218978833839526,7.6948670593946895,8.177056847733084,3.6063386355281466,8.125317831630321,-0.0517390161027631,3.7044161685751145,0.09807753304696833
dst,derived_duration_midpoint_age,70,Weekend,NoDST,-0.7617506811832686,7.299804196077914,8.061554877261182,3.2690267574473224,8.052165854350394,-0.00938902291078847,3.4153005904852876,0.1462738330379647
dst,derived_duration_midpoint_age,71,Weekday,DST,-0.7602237440529198,7.08603678329794,7.84626052735086,3.16290651962251,7.770832735063163,-0.07542779228769714,3.244223232402262,0.08131671277975272
dst,derived_duration_midpoint_age,71,Weekday,NoDST,-1.012639779573556,6.738884125485767,7.751523905059323,2.8631221729561056,7.716652424491535,-0.0348714805677881,3.007515875520925,0.14439370256481965
dst,derived_duration_midpoint_age,71,Weekend,DST,-0.4710782256794994,7.731072730213537,8.202150955893035,3.6299972522670183,8.141654954136515,-0.06049600175652081,3.721785923058389,0.0917886707913702
dst,derived_duration_midpoint_age,71,Weekend,NoDST,-0.7506391185243728,7.336009866896761,8.086648985421133,3.2926853741861937,8.068502976856587,-0.01814600856454618,3.432670344968561,0.13998497078236838
dst,derived_duration_midpoint_age,72,Weekday,DST,-0.7385737865744226,7.144819069949902,7.883392856524324,3.2031226416877394,7.799224585094302,-0.08416827143002248,3.278136422243145,0.07501378055540542
dst,derived_duration_midpoint_age,72,Weekday,NoDST,-0.9909898220950588,6.797666412137729,7.788656234232787,2.9033382950213347,7.745044274522674,-0.04361195971011344,3.0414290653618075,0.13809077034047235
dst,derived_duration_midpoint_age,72,Weekend,DST,-0.45866454961380343,7.768925821896026,8.22759037150983,3.655130636141112,8.15828820034278,-0.06930217116705073,3.740530554892723,0.08539991875161235
dst,derived_duration_midpoint_age,72,Weekend,NoDST,-0.7382254424586768,7.373862958579251,8.112088401037928,3.3178187580602874,8.085136223062852,-0.02695217797507609,3.451414976802897,0.13359621874260874
dst,derived_duration_midpoint_age,73,Weekday,DST,-0.715503785188951,7.205834519200832,7.921338304389783,3.2451653670059404,7.828369690882245,-0.09296861350753804,3.3137732756792495,0.06860790867330913
dst,derived_duration_midpoint_age,73,Weekday,NoDST,-0.9679198207095872,6.858681861388659,7.8266016820982465,2.945381020339536,7.7741893803106175,-0.05241230178762901,3.0770659187979126,0.13168489845837603
dst,derived_duration_midpoint_age,73,Weekend,DST,-0.44494876014130746,7.808426334442156,8.253375094583463,3.681738787150424,8.175217570249119,-0.07815752433434398,3.7606500640781206,0.0789112769276965
dst,derived_duration_midpoint_age,73,Weekend,NoDST,-0.724509652986181,7.41336347112538,8.137873124111561,3.3444269090695995,8.102065592969192,-0.03580753114236934,3.4715344859882937,0.12710757691869468
dst,derived_duration_midpoint_age,74,Weekday,DST,-0.691013739896505,7.26908313105073,7.960096870947234,3.2890346955771124,7.858268052426996,-0.1018288185202385,3.351133792710576,0.06209909713346384
dst,derived_duration_midpoint_age,74,Weekday,NoDST,-0.9434297754171412,6.9219304732385565,7.865360248655698,2.9892503489107076,7.804087741855368,-0.06127250680032947,3.1144264358292393,0.12517608691853255
dst,derived_duration_midpoint_age,74,Weekend,DST,-0.4299308572620115,7.849574267851928,8.279505125113939,3.7098217052949582,8.192443063855533,-0.08706206125840588,3.7821444506145783,0.072322745319620907
dst,derived_duration_midpoint_age,74,Weekend,NoDST,-0.7094917501068849,7.454511404535152,8.164003154642037,3.3725098272141336,8.119291086575606,-0.04471206806643124,3.493028872524752,0.12051904531061908
dst,derived_duration_midpoint_age,75,Weekday,DST,-0.6651036506970849,7.334564905499596,7.99966855619668,3.3347306274012554,7.888919669728552,-0.1107488864681283,3.390217973337125,0.05548734593586957
dst,derived_duration_midpoint_age,75,Weekday,NoDST,-0.9175196862177212,6.9874122476874225,7.904931933905144,3.0349462807348506,7.8347393591569245,-0.07019257474821927,3.1535106164557876,0.1185643357209365
dst,derived_duration_midpoint_age,75,Weekend,DST,-0.4136108409759154,7.892369622125341,8.305980463101257,3.739379390574713,8.209964681162022,-0.09601578193923466,3.805013714502098,0.06563432392738555
dst,derived_duration_midpoint_age,75,Weekend,NoDST,-0.6931717338207888,7.497306758808565,8.190478492629355,3.402067512493889,8.136812703882095,-0.05366578874726002,3.5158981364122717,0.11383062391838196
dst,derived_duration_midpoint_age,76,Weekday,DST,-0.6377735175906905,7.40227984254743,8.04005336013812,3.38225316247837,7.920324542786916,-0.11972881735120476,3.4310258175588957,0.0487726550805263
dst,derived_duration_midpoint_age,76,Weekday,NoDST,-0.8901895531113267,7.055127184735257,7.945316737846584,3.082468815811965,7.866144232215288,-0.07917250563129574,3.1943184606775583,0.11184964486559323
dst,derived_duration_midpoint_age,76,Weekend,DST,-0.3959887112830195,7.936812397262393,8.332801108545413,3.7704118429896862,8.227782422168584,-0.10501868637682854,3.82925785574068,0.05884601275099399
dst,derived_duration_midpoint_age,76,Weekend,NoDST,-0.6755496041278929,7.541749533945619,8.217299138073512,3.4330999649088634,8.154630444888657,-0.06266869318485568,3.5401422776508533,0.1070423127419904
dst,derived_duration_midpoint_age,77,Weekday,DST,-0.6090233405773215,7.472227942194233,8.081251282771554,3.4316023008084553,7.952482671602084,-0.1287686111694697,3.4735573253758885,0.04195502456743227
dst,derived_duration_midpoint_age,77,Weekday,NoDST,-0.8614393760979578,7.12507528438206,7.986514660480018,3.131817954142051,7.898302361030456,-0.08821229944956155,3.2368499684945515,0.10503201435250098
dst,derived_duration_midpoint_age,77,Weekend,DST,-0.3770644681833235,7.98290259326309,8.359967061446413,3.802919062539883,8.245896286875217,-0.1140707745711964,3.854876874330324,0.0519578117904409
dst,derived_duration_midpoint_age,77,Weekend,NoDST,-0.656625361028197,7.587839729946316,8.244465090974513,3.4656071844590595,8.17274430959529,-0.07172078137922355,3.565761296240497,0.1001541117814373
dst,derived_duration_midpoint_age,78,Weekday,DST,-0.5788531196569784,7.5444092044400035,8.123262324096983,3.482778042391513,7.98539405617406,-0.13786826792292217,3.5178124967881033,0.03503445439659103
dst,derived_duration_midpoint_age,78,Weekday,NoDST,-0.8312691551776147,7.19725654662783,8.028525701805446,3.1829936957251084,7.931213745602433,-0.09731195620301314,3.2811051399067663,0.09811144418165796
dst,derived_duration_midpoint_age,78,Weekend,DST,-0.35683811167682733,8.030640210127428,8.387478321804256,3.836901049225301,8.264306275281928,-0.1231720465223276,3.881870770271029,0.04496972104572805
dst,derived_duration_midpoint_age,78,Weekend,NoDST,-0.6363990045217006,7.6355773468106545,8.271976351332356,3.499589171144477,8.191154298002001,-0.08082205333035475,3.5927551921812024,0.09316602103672622
dst,derived_duration_midpoint_age,79,Weekday,DST,-0.5472628548296607,7.618823629284743,8.166086484114404,3.535780387227541,8.01905869650284,-0.1470277876115631,3.56379133179554,0.02801094456799902
dst,derived_duration_midpoint_age,79,Weekday,NoDST,-0.799678890350297,7.27167097147257,8.071349861822867,3.2359960405611363,7.964878385931213,-0.10647147589165408,3.3270839749142027,0.09108793435306596
dst,derived_duration_midpoint_age,79,Weekend,DST,-0.3353096417635312,8.080025247855408,8.41533488961894,3.8723578030459382,8.28301238738871,-0.13232250223022923,3.910239543562795,0.03788174051685722
dst,derived_duration_midpoint_age,79,Weekend,NoDST,-0.6148705346084046,7.684962384538634,8.29983291914704,3.5350459249651154,8.209860410108783,-0.08997250903825638,3.621123965472969,0.08607804050785361
dst,derived_duration_midpoint_age,80,Weekday,DST,-0.5142525460953689,7.695471216728451,8.20972376282382,3.590609335316542,8.053476592588428,-0.15624717023539247,3.6114938303981994,0.02088449508165801
dst,derived_duration_midpoint_age,80,Weekday,NoDST,-0.7666685816160052,7.348318558916278,8.114987140532282,3.2908249886501357,7.9992962820168,-0.11569085851548166,3.3747864735168625,0.08396148486672672
dst,derived_duration_midpoint_age,80,Weekend,DST,-0.31247905844343504,8.131057706447029,8.443536764890464,3.9092893240017967,8.302014623195568,-0.14152214169489596,3.9399831942056247,0.03069387020382841
dst,derived_duration_midpoint_age,80,Weekend,NoDST,-0.5920399512883084,7.735994843130255,8.328034794418564,3.5719774459209734,8.22886264591564,-0.09917214850292312,3.6508676161157982,0.0788901701948248
dst,derived_duration_midpoint_age,81,Weekday,DST,-0.4798221934541027,7.7743519667711265,8.25417416022523,3.647264886658512,8.088647744430821,-0.16552641579440852,3.66091999259608,0.01365510593756802
dst,derived_duration_midpoint_age,81,Weekday,NoDST,-0.7322382289747391,7.427199308958953,8.159437537933693,3.347480539992107,8.034467433859193,-0.12497010407449947,3.424212635714743,0.07673209572263673
dst,derived_duration_midpoint_age,81,Weekend,DST,-0.28834636171653893,8.183737585902293,8.472083947618831,3.947695612092876,8.321312982702498,-0.15077096491633313,3.971101722199515,0.02340611010663806
dst,derived_duration_midpoint_age,81,Weekend,NoDST,-0.5679072545614123,7.788674722585518,8.35658197714693,3.610383734012053,8.24816100542257,-0.10842097172436028,3.681986144109688,0.07160241009763624
dst,derived_duration_midpoint_age,82,Weekday,DST,-0.4439717969058624,7.85546587941277,8.299437676318632,3.7057470412534537,8.12457215203002,-0.17486552428861302,3.7120698183891823,0.00632277713572904
dst,derived_duration_midpoint_age,82,Weekday,NoDST,-0.6963878324264987,7.508313221600597,8.204701054027096,3.405962694587049,8.070391841458392,-0.13430921256870398,3.475362461507846,0.06939976692079597
dst,derived_duration_midpoint_age,82,Weekend,DST,-0.2629115515828428,8.238064886221196,8.500976437804038,3.987576667319176,8.3409074659095,-0.16006897189453717,4.003595127544466,0.01601846022528974
dst,derived_duration_midpoint_age,82,Weekend,NoDST,-0.5424724444277162,7.843002022904422,8.385474467332138,3.650264789238353,8.267755488629573,-0.11771897870256431,3.71447954945464,0.06421476021628791
dst,derived_duration_midpoint_age,83,Weekday,DST,-0.4067013564506475,7.938812954653382,8.34551431110403,3.766055799101367,8.161249815386025,-0.18426449571800416,3.764943307777507,-0.00111249132385893
dst,derived_duration_midpoint_age,83,Weekday,NoDST,-0.6591173919712838,7.591660296841209,8.250777688812493,3.4662714524349623,8.107069504814397,-0.14370818399809515,3.5282359508961703,0.06196449846120799
dst,derived_duration_midpoint_age,83,Weekend,DST,-0.23617462804234657,8.294039607403741,8.530214235446088,4.028932489680698,8.36079807281658,-0.1694161626295081,4.0374634102404805,0.00853092055978166
dst,derived_duration_midpoint_age,83,Weekend,NoDST,-0.51573552088722,7.8989767440869665,8.414712264974186,3.6916206115998738,8.287646095536653,-0.12706616943753346,3.7483478321506536,0.05672722055077983
dst,derived_duration_midpoint_age,84,Weekday,DST,-0.36801087208845823,8.02439319249296,8.392404064581418,3.828191160202251,8.198680734498836,-0.193723330082582,3.819540460761054,-0.00865069944119767
dst,derived_duration_midpoint_age,84,Weekday,NoDST,-0.6204269076090945,7.677240534680787,8.297667442289882,3.528406813535846,8.144500423927209,-0.153167018362673,3.582833103879717,0.05442629034387103
dst,derived_duration_midpoint_age,84,Weekend,DST,-0.2081355910950502,8.351661749449928,8.559797340544979,4.071763079177439,8.38098480342373,-0.17881253712124767,4.072706570287555,9.434911101173782e-4
dst,derived_duration_midpoint_age,84,Weekend,NoDST,-0.48769648393992354,7.956598886133155,8.444295370073078,3.734451201096616,8.307832826143803,-0.13646254392927482,3.7835909921977287,0.04913979110111199
dst,derived_duration_midpoint_age,85,Weekday,DST,-0.32790034381929484,8.112206592931509,8.440106936750803,3.8921531245561063,8.236864909368453,-0.2032420273823501,3.875861277339822,-0.01629184721628362
dst,derived_duration_midpoint_age,85,Weekday,NoDST,-0.5803163793399311,7.765053935119336,8.345370314459267,3.5923687778897024,8.182684598796826,-0.16268571566244103,3.639153920458485,0.0467851425687833
dst,derived_duration_midpoint_age,85,Weekend,DST,-0.1787944407409541,8.410931312359757,8.589725753100712,4.116068435809402,8.401467657730956,-0.1882580953697559,4.109324607685692,-0.00674382812371021
dst,derived_duration_midpoint_age,85,Weekend,NoDST,-0.4583553335858274,8.015868449042983,8.47422378262881,3.7787565577285775,8.328315680451029,-0.14590810217778127,3.8202090295958655,0.04145247186728795
