batch,analysis,age_at_sleep,is_weekend_factor,dst_observes,onset_estimate,offset_estimate,derived_duration_hours,derived_midpoint_linear
base,derived_duration_midpoint_age,18,Weekday,NA,-1.0475367722887488,7.063932637158606,8.111469409447356,3.0081979324349293
base,derived_duration_midpoint_age,18,Weekend,NA,-0.5674911914194711,7.845902226184508,8.413393417603979,3.639205517382518
base,derived_duration_midpoint_age,19,Weekday,NA,-1.0088240386804506,7.056447389114895,8.065271427795345,3.023811675217222
base,derived_duration_midpoint_age,19,Weekend,NA,-0.5253672419135514,7.840806771970266,8.366174013883818,3.6577197650283577
base,derived_duration_midpoint_age,20,Weekday,NA,-0.970111305072152,7.048962141071185,8.019073446143338,3.039425417999517
base,derived_duration_midpoint_age,20,Weekend,NA,-0.4832432924076315,7.835711317756026,8.318954610163658,3.6762340126741977
base,derived_duration_midpoint_age,21,Weekday,NA,-0.9313992732180916,7.0414769703342115,7.972876243552303,3.05503884855806
base,derived_duration_midpoint_age,21,Weekend,NA,-0.4411200768292213,7.830615952966791,8.271736029796012,3.694747938068784
base,derived_duration_midpoint_age,22,Weekday,NA,-0.8927376198049732,7.033997349393204,7.926734969198177,3.0706298647941157
base,derived_duration_midpoint_age,22,Weekend,NA,-0.3990495493882013,7.825527007935544,8.224576557323745,3.7132387292736713
base,derived_duration_midpoint_age,23,Weekday,NA,-0.8542561707020185,7.026537580141438,7.880793750843456,3.0861407047197096
base,derived_duration_midpoint_age,23,Weekend,NA,-0.3571674880702816,7.820461026458517,8.177628514528799,3.7316467691941178
base,derived_duration_midpoint_age,24,Weekday,NA,-0.8160921666135512,7.019112781306157,7.835204947919708,3.101510307346303
base,derived_duration_midpoint_age,24,Weekend,NA,-0.3156174256436404,7.815435497209274,8.131052922852914,3.749909035782817
base,derived_duration_midpoint_age,25,Weekday,NA,-0.7783828482438944,7.011738071614603,7.790120919858498,3.1166776116853545
base,derived_duration_midpoint_age,25,Weekend,NA,-0.2745428948764555,7.810467908861376,8.08501080373783,3.76796250699246
base,derived_duration_midpoint_age,26,Weekday,NA,-0.7412654562973721,7.004428569794019,7.745694026091391,3.131581556748323
base,derived_duration_midpoint_age,26,Weekend,NA,-0.2340874285369055,7.805575750088384,8.03966317862529,3.785744160775739
base,derived_duration_midpoint_age,27,Weekday,NA,-0.7048772314783077,6.997199394571647,7.702076626049954,3.146161081546669
base,derived_duration_midpoint_age,27,Weekend,NA,-0.1943945593931683,7.800776509563859,7.995171068957027,3.803190975085345
base,derived_duration_midpoint_age,28,Weekday,NA,-0.6693554144910248,6.990065664674732,7.659421079165757,3.1603551250918533
base,derived_duration_midpoint_age,28,Weekend,NA,-0.1556078202134219,7.796087675961365,7.951695496174787,3.820239927873972
base,derived_duration_midpoint_age,29,Weekday,NA,-0.6348372460398467,6.983042498830517,7.617879744870363,3.1741026263953347
base,derived_duration_midpoint_age,29,Weekend,NA,-0.11787074376584444,7.791526737954465,7.909397481720309,3.83682799709431
base,derived_duration_midpoint_age,30,Weekday,NA,-0.6014599668290972,6.976145015766242,7.577604982595339,3.1873425244685727
base,derived_duration_midpoint_age,30,Weekend,NA,-0.081326862818614,7.787111184216716,7.86843804703533,3.8528921606990503
base,derived_duration_midpoint_age,31,Weekday,NA,-0.5693608175630999,6.969388334209155,7.5387491517722545,3.2000137583230273
base,derived_duration_midpoint_age,31,Weekend,NA,-0.04611971013990885,7.782858503421687,7.828978213561595,3.868369396640889
base,derived_duration_midpoint_age,32,Weekday,NA,-0.5386770389461781,6.962787572886496,7.501464611832674,3.2120552669701588
base,derived_duration_midpoint_age,32,Weekend,NA,-0.01239281849790696,7.778786184242935,7.791179002740842,3.883196682872514
base,derived_duration_midpoint_age,33,Weekday,NA,-0.5095458716826557,6.956357850525509,7.465903722208165,3.223405989421427
base,derived_duration_midpoint_age,33,Weekend,NA,0.01971027933921336,7.774911715354026,7.755201436014813,3.89731099734662
base,derived_duration_midpoint_age,34,Weekday,NA,-0.4821045564768561,6.950114285853437,7.432218842330293,3.2340048646882904
base,derived_duration_midpoint_age,34,Weekend,NA,0.05004605060327422,7.771252585428518,7.721206534825243,3.910649318015896
base,derived_duration_midpoint_age,35,Weekday,NA,-0.45649033403310263,6.944071997597523,7.400562331630626,3.2437908317822104
base,derived_duration_midpoint_age,35,Weekend,NA,0.0784709625260976,7.767826283139976,7.6893553206138785,3.923148622833037
base,derived_duration_midpoint_age,36,Weekday,NA,-0.4328404450557191,6.938246104485011,7.37108654954073,3.252702829714646
base,derived_duration_midpoint_age,36,Weekend,NA,0.10484148233950512,7.76465029716196,7.659808814822456,3.934745889750733
base,derived_duration_midpoint_age,37,Weekday,NA,-0.41129213024902905,6.932651725243143,7.343943855492172,3.260679797497057
base,derived_duration_midpoint_age,37,Weekend,NA,0.12901407727531874,7.761742116168033,7.632728038892715,3.945378096721676
base,derived_duration_midpoint_age,38,Weekday,NA,-0.39198263031735586,6.927303978599163,7.319286608916519,3.267660674140904
base,derived_duration_midpoint_age,38,Weekend,NA,0.1508452145653605,7.759119228831759,7.6082740142663985,3.95498222169856
base,derived_duration_midpoint_age,39,Weekday,NA,-0.3750491859650232,6.922217983280312,7.297267169245336,3.2735843986576447
base,derived_duration_midpoint_age,39,Weekend,NA,0.17019136144145222,7.756799123826696,7.586607762385244,3.963495242634074
base,derived_duration_midpoint_age,40,Weekday,NA,-0.3606290378963544,6.917408858013836,7.278037895910191,3.278389910058741
base,derived_duration_midpoint_age,40,Weekend,NA,0.186908985135416,7.754799289826409,7.5678903046909936,3.970854137480913
base,derived_duration_midpoint_age,41,Weekday,NA,-0.34885942681567367,6.912891721526977,7.261751148342651,3.2820161473556517
base,derived_duration_midpoint_age,41,Weekend,NA,0.20085455287907308,7.753137215504461,7.552282662625388,3.9769958841917674
base,derived_duration_midpoint_age,42,Weekday,NA,-0.3398775934273038,6.908681692546978,7.248559285974282,3.284402049559837
base,derived_duration_midpoint_age,42,Weekend,NA,0.21188453190424608,7.751830389534412,7.539945857630165,3.9818574607193287
base,derived_duration_midpoint_age,43,Weekday,NA,-0.33382077843556857,6.904793889801082,7.238614668236651,3.285486555682757
base,derived_duration_midpoint_age,43,Weekend,NA,0.21985538944275665,7.750896300589825,7.531040911147068,3.9853758450162906
base,derived_duration_midpoint_age,44,Weekday,NA,-0.3308262225447919,6.901243432016532,7.2320696545613234,3.2852086047358697
base,derived_duration_midpoint_age,44,Weekend,NA,0.2246235927264264,7.750352437344261,7.525728844617834,3.987488015035344
base,derived_duration_midpoint_age,45,Weekday,NA,-0.3309787306015556,6.89803123578151,7.229009966383066,3.283526252589977
base,derived_duration_midpoint_age,45,Weekend,NA,0.22609792960415545,7.750197636726628,7.524099707122472,3.988147783165392
base,derived_duration_midpoint_age,46,Weekday,NA,-0.33398712410067816,6.895056383403684,7.229043507504362,3.2805346296515028
base,derived_duration_midpoint_age,46,Weekend,NA,0.22456234496093797,7.750296996164411,7.525734651203473,3.9874296705626744
base,derived_duration_midpoint_age,47,Weekday,NA,-0.3393961236166478,6.892173510810112,7.23156963442676,3.276388693596732
base,derived_duration_midpoint_age,47,Weekend,NA,0.22046452395006105,7.750457241417395,7.5299927174673345,3.985460882683728
base,derived_duration_midpoint_age,48,Weekday,NA,-0.3467497657226483,6.889237068667576,7.235986834390224,3.2712436514724637
base,derived_duration_midpoint_age,48,Weekend,NA,0.2142528342228552,7.75048485494206,7.536232020719205,3.982368844582458
base,derived_duration_midpoint_age,49,Weekday,NA,-0.35559208699186284,6.886101507642857,7.24169359463472,3.265254710325497
base,derived_duration_midpoint_age,49,Weekend,NA,0.206375643430652,7.750186319194884,7.543810675764232,3.978280981312768
base,derived_duration_midpoint_age,50,Weekday,NA,-0.3654671239974744,6.882621278402735,7.248088402400209,3.2585770772026303
base,derived_duration_midpoint_age,50,Weekend,NA,0.1972813192247829,7.7493681166323425,7.55208679740756,3.9733247179285622
base,derived_duration_midpoint_age,51,Weekday,NA,-0.3759189133126666,6.878650831613992,7.254569744926659,3.2513659591506627
base,derived_duration_midpoint_age,51,Weekend,NA,0.18741822925657897,7.747836729710913,7.560418500454334,3.9676274794837463
base,derived_duration_midpoint_age,52,Weekday,NA,-0.3864914915106228,6.874044617943411,7.2605361094540335,3.243776563216394
base,derived_duration_midpoint_age,52,Weekend,NA,0.17723474117737112,7.74539864088708,7.568163899709709,3.9613166910322257
base,derived_duration_midpoint_age,53,Weekday,NA,-0.3967288951645261,6.86865708805777,7.265385983222296,3.235964096446622
base,derived_duration_midpoint_age,53,Weekend,NA,0.1671792226384909,7.741860332617314,7.574681109978823,3.9545197776279024
base,derived_duration_midpoint_age,54,Weekday,NA,-0.4061751608475597,6.8623426926238515,7.268517853471411,3.2280837658881456
base,derived_duration_midpoint_age,54,Weekend,NA,0.15770004129126963,7.7370282873580996,7.57932824606683,3.947364164324685
base,derived_duration_midpoint_age,55,Weekday,NA,-0.414374325132907,6.8549558823084356,7.269330207441342,3.2202907785877644
base,derived_duration_midpoint_age,55,Weekend,NA,0.14924556478703851,7.730708987565909,7.581463422778871,3.939977276176474
base,derived_duration_midpoint_age,56,Weekday,NA,-0.4208770136073217,6.8463534967293755,7.267230510336697,3.2127382415610266
base,derived_duration_midpoint_age,56,Weekend,NA,0.14225776693811673,7.722712117980092,7.580454351041976,3.9324849424591046
base,derived_duration_midpoint_age,57,Weekday,NA,-0.42545821120515154,6.836473720534063,7.261931931739215,3.205507754664456
base,derived_duration_midpoint_age,57,Weekend,NA,0.13696090800471056,7.712956402741286,7.575995494736575,3.9249586553729983
base,derived_duration_midpoint_age,58,Weekday,NA,-0.4281671912287246,6.82535418595537,7.253521377184095,3.1985934973633228
base,derived_duration_midpoint_age,58,Weekend,NA,0.1333130846325535,7.701493871064106,7.568180786431553,3.91740347784833
base,derived_duration_midpoint_age,59,Weekday,NA,-0.4290699283494353,6.813038580571639,7.242108508921074,3.191984326111102
base,derived_duration_midpoint_age,59,Weekend,NA,0.1312561868130829,7.688384669084986,7.557128482271903,3.9098204279490343
base,derived_duration_midpoint_age,60,Weekday,NA,-0.4282323972386766,6.7995705919612135,7.227802989199891,3.1856690973612687
base,derived_duration_midpoint_age,60,Weekend,NA,0.13073210453773745,7.673688942940355,7.542956838402617,3.902210523739046
base,derived_duration_midpoint_age,61,Weekday,NA,-0.4257205725678432,6.784993907702439,7.210714480270282,3.179636667567298
base,derived_duration_midpoint_age,61,Weekend,NA,0.13168272779795434,7.657466838766648,7.525784110968694,3.894574783282301
base,derived_duration_midpoint_age,62,Weekday,NA,-0.4216004290083285,6.769352215373654,7.190952644381982,3.1738758931826623
base,derived_duration_midpoint_age,62,Weekend,NA,0.1340499465851718,7.639778502700291,7.505728556115119,3.886914224642731
base,derived_duration_midpoint_age,63,Weekday,NA,-0.4159379412315262,6.7526892025532055,7.1686271437847315,3.1683756306608397
base,derived_duration_midpoint_age,63,Weekend,NA,0.137775650890828,7.620684080877722,7.482908429986894,3.879229865884275
base,derived_duration_midpoint_age,64,Weekday,NA,-0.4087990839088305,6.735048556819438,7.143847640728268,3.1631247364553032
base,derived_duration_midpoint_age,64,Weekend,NA,0.14280173070636035,7.600243719435368,7.457441988729007,3.871522725070864
base,derived_duration_midpoint_age,65,Weekday,NA,-0.4002498317116353,6.716473965750691,7.116723797462326,3.1581120670195277
base,derived_duration_midpoint_age,65,Weekend,NA,0.1490700760232068,7.578517564509662,7.429447488486455,3.8637938202664346
base,derived_duration_midpoint_age,66,Weekday,NA,-0.39035615931133416,6.697009116925312,7.087365276236646,3.153326478806989
base,derived_duration_midpoint_age,66,Weekend,NA,0.15652257683280552,7.55556576223704,7.399043185404235,3.856044169534923
base,derived_duration_midpoint_age,67,Weekday,NA,-0.379184041379321,6.676697697921643,7.055881739300964,3.148756828271161
base,derived_duration_midpoint_age,67,Weekend,NA,0.1651011231265943,7.531448458753932,7.366347335627338,3.848274790940263
base,derived_duration_midpoint_age,68,Weekday,NA,-0.3667994525869899,6.655583396318026,7.022382848905016,3.144391971865518
base,derived_duration_midpoint_age,68,Weekend,NA,0.17474760489601077,7.506225800196766,7.331478195300756,3.840486702546389
base,derived_duration_midpoint_age,69,Weekday,NA,-0.35326836760573427,6.633709899692806,6.98697826729854,3.140220766043536
base,derived_duration_midpoint_age,69,Weekend,NA,0.18540391213249335,7.479957932701977,7.294554020569484,3.8326809224172353
base,derived_duration_midpoint_age,70,Weekday,NA,-0.3386567611069483,6.611120895624326,6.949777656731275,3.136232067258689
base,derived_duration_midpoint_age,70,Weekend,NA,0.1970119348274796,7.4527050024059935,7.255693067578514,3.824858468616737
base,derived_duration_midpoint_age,71,Weekday,NA,-0.3230306077620257,6.5878600716909315,6.910890679452957,3.132414731964453
base,derived_duration_midpoint_age,71,Weekend,NA,0.20951356297240747,7.424527155445254,7.215013592472847,3.817020359208831
base,derived_duration_midpoint_age,72,Weekday,NA,-0.3064558822423604,6.563971115470963,6.870426997713324,3.128757616614301
base,derived_duration_midpoint_age,72,Weekend,NA,0.22285068655871484,7.395484537956186,7.172633851397471,3.8091676122574505
base,derived_duration_midpoint_age,73,Weekday,NA,-0.2889985592193462,6.539497714542764,6.82849627376211,3.125249577661709
base,derived_duration_midpoint_age,73,Weekend,NA,0.23696519557783963,7.365637296075222,7.128672100497382,3.8013012458265303
base,derived_duration_midpoint_age,74,Weekday,NA,-0.27072461336437714,6.514483556484681,6.785208169849058,3.121879471560152
base,derived_duration_midpoint_age,74,Weekend,NA,0.2517989800212196,7.335045575938791,7.083246595917571,3.7934222779800058
base,derived_duration_midpoint_age,75,Weekday,NA,-0.25170001934884656,6.488972328875054,6.7406723482239,3.1186361547631036
base,derived_duration_midpoint_age,75,Weekend,NA,0.2672939298802931,7.303769523683329,7.0364755938030354,3.785531726781811
base,derived_duration_midpoint_age,76,Weekday,NA,-0.2319907518441487,6.463007719292229,6.694998471136377,3.1155084837240397
base,derived_duration_midpoint_age,76,Weekend,NA,0.28339193514649763,7.271869285445267,6.988477350298769,3.777630610295882
base,derived_duration_midpoint_age,77,Weekday,NA,-0.21166278552167744,6.436633415314548,6.648296200836225,3.112485314896435
base,derived_duration_midpoint_age,77,Weekend,NA,0.3000348858112711,7.239405007361035,6.939370121549764,3.7697199465861537
base,derived_duration_midpoint_age,78,Weekday,NA,-0.19078209505282623,6.409893104520355,6.600675199573182,3.109555504733765
base,derived_duration_midpoint_age,78,Weekend,NA,0.31716467186605174,7.206436835567067,6.8892721637010155,3.7618007537165594
base,derived_duration_midpoint_age,79,Weekday,NA,-0.1694146551089896,6.382830474487994,6.552245129596984,3.1067079096895025
base,derived_duration_midpoint_age,79,Weekend,NA,0.33472318330227685,7.173024916199794,6.838301732897517,3.753874049751035
base,derived_duration_midpoint_age,80,Weekday,NA,-0.14762644036156086,6.355489212795808,6.503115653157369,3.103931386217124
base,derived_duration_midpoint_age,80,Weekend,NA,0.3526523101113847,7.139229395395648,6.7865770852842635,3.745940852753516
base,derived_duration_midpoint_age,81,Weekday,NA,-0.1254834254819339,6.327913007022139,6.453396432504073,3.101214790770103
base,derived_duration_midpoint_age,81,Weekend,NA,0.3708939422848134,7.10511041929106,6.734216477006247,3.738002180787937
base,derived_duration_midpoint_age,82,Weekday,NA,-0.10305158514150284,6.300145544745333,6.403197129886836,3.098546979801915
base,derived_duration_midpoint_age,82,Weekend,NA,0.3893899698140004,7.070728134022462,6.681338164208462,3.7300590519182313
base,derived_duration_midpoint_age,83,Weekday,NA,-0.08039689401166117,6.272230513543732,6.352627407555394,3.095916809766036
base,derived_duration_midpoint_age,83,Weekend,NA,0.4080822826903841,7.036142685726286,6.628060403035902,3.722112484208335
base,derived_duration_midpoint_age,84,Weekday,NA,-0.05758532676380318,6.244211600995681,6.301796927759484,3.093313137115939
base,derived_duration_midpoint_age,84,Weekend,NA,0.42691277090540175,7.001414220538966,6.574501449633565,3.714163495722184
base,derived_duration_midpoint_age,85,Weekday,NA,-0.03468285806932197,6.21613249467952,6.250815352748842,3.090724818305099
base,derived_duration_midpoint_age,85,Weekend,NA,0.44582332445049205,6.966602884596928,6.520779560146436,3.70621310452371
dst,derived_duration_midpoint_age,18,Weekday,DST,-1.0615319667350127,7.059796132468,8.121328099203012,2.9991320828664936
dst,derived_duration_midpoint_age,18,Weekday,NoDST,-0.8699465658245962,7.17236120313761,8.042307768962207,3.1512073186565073
dst,derived_duration_midpoint_age,18,Weekend,DST,-0.5784797197800811,7.848246342759604,8.426726062539686,3.634883311489762
dst,derived_duration_midpoint_age,18,Weekend,NoDST,-0.38448364002684104,7.951904146623326,8.336387786650167,3.7837102532982425
dst,derived_duration_midpoint_age,19,Weekday,DST,-1.027366854235325,7.048636716985728,8.076003571221053,3.0106349313752014
dst,derived_duration_midpoint_age,19,Weekday,NoDST,-0.8357814533249084,7.161201787655338,7.996983240980247,3.1627101671652147
dst,derived_duration_midpoint_age,19,Weekend,DST,-0.5412992119792994,7.839157901825304,8.380457113804603,3.648929344923002
dst,derived_duration_midpoint_age,19,Weekend,NoDST,-0.3473031322260595,7.942815705689025,8.290118837915085,3.7977562867314822
dst,derived_duration_midpoint_age,20,Weekday,DST,-0.9932017417356374,7.037477301503453,8.03067904323909,3.0221377798839075
dst,derived_duration_midpoint_age,20,Weekday,NoDST,-0.8016163408252208,7.150042372173064,7.9516587129982845,3.1742130156739217
dst,derived_duration_midpoint_age,20,Weekend,DST,-0.5041187041785182,7.830069460890999,8.334188165069516,3.66297537835624
dst,derived_duration_midpoint_age,20,Weekend,NoDST,-0.31012262442527816,7.933727264754721,8.243849889179998,3.8118023201647206
dst,derived_duration_midpoint_age,21,Weekday,DST,-0.9590372098534125,7.026318066533309,7.985355276386722,3.0336404283399485
dst,derived_duration_midpoint_age,21,Weekday,NoDST,-0.7674518089429959,7.13888313720292,7.906334946145916,3.1857156641299618
dst,derived_duration_midpoint_age,21,Weekend,DST,-0.46693879823522344,7.820981220582013,8.2879200188172355,3.677021211173394
dst,derived_duration_midpoint_age,21,Weekend,NoDST,-0.2729427184819834,7.924639024445734,8.197581742927717,3.8258481529818753
dst,derived_duration_midpoint_age,22,Weekday,DST,-0.92491436008862,7.015171790401384,7.9400861504900035,3.0451287151563817
dst,derived_duration_midpoint_age,22,Weekday,NoDST,-0.7333289591782035,7.127736861070995,7.861065820249198,3.197203950946395
dst,derived_duration_midpoint_age,22,Weekend,DST,-0.4298020992156704,7.811907383022661,8.241709482238331,3.6910526419034952
dst,derived_duration_midpoint_age,22,Weekend,NoDST,-0.23580601946243032,7.915565186886383,8.151371206348813,3.839879583711976
dst,derived_duration_midpoint_age,23,Weekday,DST,-0.8909406077765794,7.004071868195031,7.89501247597161,3.0565656302092257
dst,derived_duration_midpoint_age,23,Weekday,NoDST,-0.6993552068661628,7.116636938864642,7.815992145730805,3.2086408659992394
dst,derived_duration_midpoint_age,23,Weekend,DST,-0.3928199519000117,7.802885064277992,8.195705016178005,3.705032556188991
dst,derived_duration_midpoint_age,23,Weekend,NoDST,-0.1988238721467717,7.906542868141714,8.105366740288485,3.8538594979974703
dst,derived_duration_midpoint_age,24,Weekday,DST,-0.8572295031393131,6.9930536023184375,7.85028310545775,3.067912049589562
dst,derived_duration_midpoint_age,24,Weekday,NoDST,-0.6656441022288966,7.105618672988048,7.771262775216945,3.2199872853795757
dst,derived_duration_midpoint_age,24,Weekend,DST,-0.35611006038021764,7.7939535002486675,8.150063560628885,3.718921719934225
dst,derived_duration_midpoint_age,24,Weekend,NoDST,-0.1621139806269776,7.897611304112389,8.059725284739367,3.8677486617427057
dst,derived_duration_midpoint_age,25,Weekday,DST,-0.8238945963988438,6.98215229517579,7.806046891574633,3.0791288493884728
dst,derived_duration_midpoint_age,25,Weekday,NoDST,-0.6323091954884272,7.0947173658454,7.727026561333828,3.2312040851784865
dst,derived_duration_midpoint_age,25,Weekend,DST,-0.319790128748258,7.785151926835352,8.10494205558361,3.732680899043547
dst,derived_duration_midpoint_age,25,Weekend,NoDST,-0.12579404899501798,7.888809730699073,8.014603779694092,3.881507840852028
dst,derived_duration_midpoint_age,26,Weekday,DST,-0.7910494377771942,6.9714032491712725,7.762452686948467,3.090176905697039
dst,derived_duration_midpoint_age,26,Weekday,NoDST,-0.5994640368667776,7.083968319840883,7.683432356707661,3.242252141487053
dst,derived_duration_midpoint_age,26,Weekend,DST,-0.2839778610961032,7.776519579938705,8.060497441034808,3.746270859421301
dst,derived_duration_midpoint_age,26,Weekend,NoDST,-0.0899817813428631,7.880177383802426,7.970159165145289,3.8950978012297814
dst,derived_duration_midpoint_age,27,Weekday,DST,-0.7588075774963867,6.960841766709078,7.719649344205465,3.1010170946063456
dst,derived_duration_midpoint_age,27,Weekday,NoDST,-0.5672221765859702,7.0734068373786885,7.640629013964658,3.253092330396359
dst,derived_duration_midpoint_age,27,Weekend,DST,-0.2487909615157228,7.7680956954593965,8.01688665697512,3.759652366971837
dst,derived_duration_midpoint_age,27,Weekend,NoDST,-0.05479488176248278,7.871753499323118,7.926548381085601,3.9084793087803176
dst,derived_duration_midpoint_age,28,Weekday,DST,-0.727282565778444,6.950503150193389,7.677785715971833,3.1116102922074727
dst,derived_duration_midpoint_age,28,Weekday,NoDST,-0.5356971648680274,7.063068220862999,7.598765385731027,3.263685527997486
dst,derived_duration_midpoint_age,28,Weekend,DST,-0.21434713409908696,7.759919509298085,7.974266643397172,3.772786187599499
dst,derived_duration_midpoint_age,28,Weekend,NoDST,-0.02035105434584695,7.863577313161807,7.883928367507654,3.92161312940798
dst,derived_duration_midpoint_age,29,Weekday,DST,-0.6965879528453884,6.9404227020283935,7.637010654873782,3.1219173745915025
dst,derived_duration_midpoint_age,29,Weekday,NoDST,-0.5050025519349719,7.052987772698004,7.557990324632976,3.273992610381516
dst,derived_duration_midpoint_age,29,Weekend,DST,-0.1807640829381656,7.752030257355437,7.932794340293603,3.785633087208636
dst,derived_duration_midpoint_age,29,Weekend,NoDST,0.01323199681507439,7.855688061219158,7.842456064404084,3.934460029017116
dst,derived_duration_midpoint_age,30,Weekday,DST,-0.6668372889192429,6.930635724618279,7.597473013537522,3.131899217849518
dst,derived_duration_midpoint_age,30,Weekday,NoDST,-0.47525188800882634,7.0432007952878894,7.518452683296716,3.283974453639532
dst,derived_duration_midpoint_age,30,Weekend,DST,-0.1481595121249289,7.7444671755321135,7.892626687657042,3.798153831703592
dst,derived_duration_midpoint_age,30,Weekend,NoDST,0.04583656762831113,7.848124979395835,7.802288411767524,3.946980773512073
dst,derived_duration_midpoint_age,31,Weekday,DST,-0.6381441242220296,6.921177520367233,7.559321644589263,3.1415166980726017
dst,derived_duration_midpoint_age,31,Weekday,NoDST,-0.44655872331161306,7.033742591036844,7.480301314348456,3.293591933862615
dst,derived_duration_midpoint_age,31,Weekend,DST,-0.11665112575134652,7.737269499728782,7.853920625480129,3.8103091869887176
dst,derived_duration_midpoint_age,31,Weekend,NoDST,0.0773449540018935,7.840927303592504,7.76358234959061,3.9591361287971982
dst,derived_duration_midpoint_age,32,Weekday,DST,-0.6106220089757717,6.912083391679443,7.522705400655214,3.1507306913518356
dst,derived_duration_midpoint_age,32,Weekday,NoDST,-0.41903660806535514,7.024648462349053,7.443685070414409,3.3028059271418493
dst,derived_duration_midpoint_age,32,Weekend,DST,-0.08635662790938901,7.730476465846103,7.816833093755492,3.8220599189683577
dst,derived_duration_midpoint_age,32,Weekend,NoDST,0.10763945184385104,7.834134269709825,7.726494817865974,3.970886860776838
dst,derived_duration_midpoint_age,33,Weekday,DST,-0.584384493402491,6.9033886409590925,7.487773134361584,3.159502073778301
dst,derived_duration_midpoint_age,33,Weekday,NoDST,-0.39279909249207445,7.015953711628703,7.408752804120778,3.3115773095683143
dst,derived_duration_midpoint_age,33,Weekend,DST,-0.05739372269102567,7.72412730978474,7.781521032475766,3.8333667935468574
dst,derived_duration_midpoint_age,33,Weekend,NoDST,0.13660235706221438,7.827785113648462,7.691182756586247,3.982193735355338
dst,derived_duration_midpoint_age,34,Weekday,DST,-0.5595451277242108,6.895128570610372,7.454673698334583,3.1677917214430806
dst,derived_duration_midpoint_age,34,Weekday,NoDST,-0.3679597268137943,7.007693641279983,7.375653368093777,3.319866957233094
dst,derived_duration_midpoint_age,34,Weekend,DST,-0.02988011418822718,7.718261267445357,7.748141381633585,3.844190576628565
dst,derived_duration_midpoint_age,34,Weekend,NoDST,0.16411596556501287,7.821919071309079,7.657803105744066,3.993017518437046
dst,derived_duration_midpoint_age,35,Weekday,DST,-0.5362174621629532,6.887338483037466,7.423555945200419,3.175560510437256
dst,derived_duration_midpoint_age,35,Weekday,NoDST,-0.34463206125253665,6.999903553707076,7.344535614959613,3.3276357462272697
dst,derived_duration_midpoint_age,35,Weekend,DST,-0.00393350649296296,7.712917574728619,7.7168510812215825,3.854492034117828
dst,derived_duration_midpoint_age,35,Weekend,NoDST,0.19006257326027703,7.816575378592341,7.626512805332064,4.003318975926309
dst,derived_duration_midpoint_age,36,Weekday,DST,-0.514515046940741,6.880053680644565,7.394568727585306,3.182769316851912
dst,derived_duration_midpoint_age,36,Weekday,NoDST,-0.3229296460303245,6.9926187513141755,7.3155483973445,3.3348445526419255
dst,derived_duration_midpoint_age,36,Weekend,DST,0.02032839630279658,7.708135467535188,7.687807071232391,3.864231931918992
dst,derived_duration_midpoint_age,36,Weekend,NoDST,0.2143244760560366,7.811793271398909,7.597468795342873,4.013058873727473
dst,derived_duration_midpoint_age,37,Weekday,DST,-0.4945514322795967,6.8733094658358524,7.367860898115449,3.189379016778128
dst,derived_duration_midpoint_age,37,Weekday,NoDST,-0.30296603136918016,6.985874536505463,7.288840567874643,3.341454252568141
dst,derived_duration_midpoint_age,37,Weekend,DST,0.04278789010708168,7.703954181765728,7.661166291658646,3.8733710359364046
dst,derived_duration_midpoint_age,37,Weekend,NoDST,0.2367839698603217,7.80761198562945,7.570828015769128,4.022197977744885
dst,derived_duration_midpoint_age,38,Weekday,DST,-0.47644016840154274,6.867141141015517,7.3435813094170594,3.195350486306987
dst,derived_duration_midpoint_age,38,Weekday,NoDST,-0.2848547674911262,6.979706211685127,7.264560979176253,3.3474257220970003
dst,derived_duration_midpoint_age,38,Weekend,DST,0.06332727082792242,7.700412953320902,7.63708568249298,3.881870112074413
dst,derived_duration_midpoint_age,38,Weekend,NoDST,0.2573233505811624,7.804070757184624,7.546747406603461,4.030697053882893
dst,derived_duration_midpoint_age,39,Weekday,DST,-0.4602948055286019,6.861584008587745,7.3218788141163476,3.200644601529572
dst,derived_duration_midpoint_age,39,Weekday,NoDST,-0.2687094046181854,6.974149079257356,7.242858483875541,3.3527198373195852
dst,derived_duration_midpoint_age,39,Weekend,DST,0.08182883437334856,7.697551018101375,7.615722183728027,3.8896899262373617
dst,derived_duration_midpoint_age,39,Weekend,NoDST,0.27582491412658855,7.801208821965097,7.525383907838508,4.038516868045843
dst,derived_duration_midpoint_age,40,Weekday,DST,-0.4462288938827966,6.856673370956725,7.302902264839521,3.205222238536964
dst,derived_duration_midpoint_age,40,Weekday,NoDST,-0.25464349297238004,6.969238441626335,7.223881934598715,3.3572974743269777
dst,derived_duration_midpoint_age,40,Weekend,DST,0.0981748766513904,7.695407612007811,7.59723273535642,3.8967912443296
dst,derived_duration_midpoint_age,40,Weekend,NoDST,0.29217095640463037,7.7990654158715325,7.506894459466902,4.045618186138081
dst,derived_duration_midpoint_age,41,Weekday,DST,-0.4343559836861498,6.852444530526643,7.286800514212793,3.2090442734202465
dst,derived_duration_midpoint_age,41,Weekday,NoDST,-0.24277058277573327,6.965009601196254,7.2077801839719875,3.3611195092102606
dst,derived_duration_midpoint_age,41,Weekend,DST,0.11224769357007731,7.694021970940873,7.581774277370796,3.9031348322554753
dst,derived_duration_midpoint_age,41,Weekend,NoDST,0.3062437733233173,7.797679774804594,7.491436001481277,4.0519617740639555
dst,derived_duration_midpoint_age,42,Weekday,DST,-0.4247896251606836,6.848932789701685,7.273722414862369,3.2120715822705006
dst,derived_duration_midpoint_age,42,Weekday,NoDST,-0.23320422425026704,6.961497860371296,7.194702084621563,3.3641468180605143
dst,derived_duration_midpoint_age,42,Weekend,DST,0.12392958103744006,7.693433330801222,7.569503749763782,3.908681455919331
dst,derived_duration_midpoint_age,42,Weekend,NoDST,0.31792566079068,7.797091134664943,7.479165473874264,4.057508397727812
dst,derived_duration_midpoint_age,43,Weekday,DST,-0.41764336852842066,6.846173450886039,7.26381681941446,3.2142650411788094
dst,derived_duration_midpoint_age,43,Weekday,NoDST,-0.22605796761800412,6.95873852155565,7.184796489173654,3.366340276968823
dst,derived_duration_midpoint_age,43,Weekend,DST,0.13310283496150835,7.693680927489525,7.560578092528017,3.913391881225517
dst,derived_duration_midpoint_age,43,Weekend,NoDST,0.3270989147147484,7.797338731353246,7.470239816638498,4.062218823033997
dst,derived_duration_midpoint_age,44,Weekday,DST,-0.4130307640113838,6.844201816483892,7.257232580495276,3.215585526236254
dst,derived_duration_midpoint_age,44,Weekday,NoDST,-0.22144536310096724,6.956766887153503,7.17821225025447,3.3676607620262677
dst,derived_duration_midpoint_age,44,Weekend,DST,0.1396497512503121,7.694803996906442,7.55515424565613,3.917226874078377
dst,derived_duration_midpoint_age,44,Weekend,NoDST,0.33364583100355205,7.798461800770164,7.464815969766612,4.066053815886858
dst,derived_duration_midpoint_age,45,Weekday,DST,-0.4110218759461332,6.843031184944873,7.254053060891006,3.2160046544993697
dst,derived_duration_midpoint_age,45,Weekday,NoDST,-0.21943647503571667,6.955596255614483,7.1750327306502,3.3680798902893834
dst,derived_duration_midpoint_age,45,Weekend,DST,0.1434950790253071,7.6968146722694675,7.553319593244161,3.920154875647387
dst,derived_duration_midpoint_age,45,Weekend,NoDST,0.3374911587785471,7.800472476133189,7.462981317354642,4.068981817455868
dst,derived_duration_midpoint_age,46,Weekday,DST,-0.4113749597339942,6.842517078705338,7.253892038439332,3.215571059485672
dst,derived_duration_midpoint_age,46,Weekday,NoDST,-0.21978955882357765,6.955082149374949,7.174871708198527,3.367646295275686
dst,derived_duration_midpoint_age,46,Weekend,DST,0.14486797172523289,7.699530751123906,7.554662779398673,3.92219936142457
dst,derived_duration_midpoint_age,46,Weekend,NoDST,0.33886405147847287,7.803188554987628,7.464324503509155,4.07102630323305
dst,derived_duration_midpoint_age,47,Weekday,DST,-0.4137121792897958,6.842446157607434,7.256158336897229,3.214366989158819
dst,derived_duration_midpoint_age,47,Weekday,NoDST,-0.22212677837937927,6.955011228277044,7.177138006656423,3.366442224948832
dst,derived_duration_midpoint_age,47,Weekend,DST,0.14413044247100498,7.702685211667324,7.558554769196319,3.923407827069165
dst,derived_duration_midpoint_age,47,Weekend,NoDST,0.33812652222424494,7.806343015531046,7.468216493306801,4.072234768877645
dst,derived_duration_midpoint_age,48,Weekday,DST,-0.4176551312752766,6.842604794461979,7.260259925737255,3.212474831593351
dst,derived_duration_midpoint_age,48,Weekday,NoDST,-0.22606973036486008,6.955169865131589,7.181239595496449,3.3645500673833646
dst,derived_duration_midpoint_age,48,Weekend,DST,0.1416450581659044,7.7060106785554225,7.564365620389518,3.923827868360664
dst,derived_duration_midpoint_age,48,Weekend,NoDST,0.3356411379191444,7.809668482419144,7.4740273445,4.072654810169144
dst,derived_duration_midpoint_age,49,Weekday,DST,-0.422825412352174,6.842779362079794,7.265604774431968,3.2099769748638103
dst,derived_duration_midpoint_age,49,Weekday,NoDST,-0.23124001144175743,6.9553444327494045,7.186584444191162,3.3620522106538235
dst,derived_duration_midpoint_age,49,Weekend,DST,0.1377743857132134,7.709239776443907,7.571465390730693,3.92350708107856
dst,derived_duration_midpoint_age,49,Weekend,NoDST,0.33177046546645333,7.812897580307628,7.481127114841175,4.07233402288704
dst,derived_duration_midpoint_age,50,Weekday,DST,-0.4288446191822257,6.842756233271699,7.271600852453925,3.206955807044737
dst,derived_duration_midpoint_age,50,Weekday,NoDST,-0.2372592182718092,6.95532130394131,7.192580522213119,3.3590310428347507
dst,derived_duration_midpoint_age,50,Weekend,DST,0.1328809920162137,7.712105129988478,7.579224137972265,3.922493061002346
dst,derived_duration_midpoint_age,50,Weekend,NoDST,0.3268770717694537,7.8157629338522,7.488885862082745,4.071320002810826
dst,derived_duration_midpoint_age,51,Weekday,DST,-0.4353343484271698,6.842321780848516,7.277656129275686,3.203493716210673
dst,derived_duration_midpoint_age,51,Weekday,NoDST,-0.24374894751675324,6.954886851518126,7.1986357990348795,3.3555689520006866
dst,derived_duration_midpoint_age,51,Weekend,DST,0.127327443978187,7.714339363844843,7.587011919866656,3.920833403911515
dst,derived_duration_midpoint_age,51,Weekend,NoDST,0.321323523731427,7.8179971677085645,7.496673643977138,4.069660345719996
dst,derived_duration_midpoint_age,52,Weekday,DST,-0.4419161967487442,6.841262377621064,7.283178574369808,3.1996730904361597
dst,derived_duration_midpoint_age,52,Weekday,NoDST,-0.25033079583832774,6.953827448290674,7.204158244129002,3.351748326226174
dst,derived_duration_midpoint_age,52,Weekend,DST,0.12147630850241473,7.715675102668703,7.594198794166288,3.9185757055855586
dst,derived_duration_midpoint_age,52,Weekend,NoDST,0.31547238825565477,7.819332906532424,7.5038605182767695,4.067402647394039
dst,derived_duration_midpoint_age,53,Weekday,DST,-0.4482117608086867,6.839364396400163,7.28757615720885,3.195576317795738
dst,derived_duration_midpoint_age,53,Weekday,NoDST,-0.25662635989827015,6.951929467069774,7.208555826968044,3.347651553585752
dst,derived_duration_midpoint_age,53,Weekend,DST,0.11569015249217902,7.715844971115764,7.600154818623586,3.915767561803972
dst,derived_duration_midpoint_age,53,Weekend,NoDST,0.309686232245419,7.819502774979486,7.509816542734066,4.064594503612453
dst,derived_duration_midpoint_age,54,Weekday,DST,-0.45384263726873497,6.8364142099966365,7.290256847265372,3.191285786363951
dst,derived_duration_midpoint_age,54,Weekday,NoDST,-0.26225723635831844,6.948979280666247,7.211236517024566,3.3433610221539647
dst,derived_duration_midpoint_age,54,Weekend,DST,0.11033154285076152,7.714581593841732,7.604250050990971,3.912456568346247
dst,derived_duration_midpoint_age,54,Weekend,NoDST,0.3043276226040015,7.818239397705454,7.513911775101452,4.061283510154727
dst,derived_duration_midpoint_age,55,Weekday,DST,-0.4584304227906268,6.832198191221301,7.290628614011927,3.186883884215337
dst,derived_duration_midpoint_age,55,Weekday,NoDST,-0.26684502188021025,6.944763261890912,7.211608283771122,3.338959120005351
dst,derived_duration_midpoint_age,55,Weekend,DST,0.10576304648144412,7.711617595502306,7.605854549020861,3.908690320991875
dst,derived_duration_midpoint_age,55,Weekend,NoDST,0.29975912623468415,7.815275399366027,7.515516273131343,4.0575172628003555
dst,derived_duration_midpoint_age,56,Weekday,DST,-0.46160218568941574,6.82650608866995,7.288108274359366,3.182451951490267
dst,derived_duration_midpoint_age,56,Weekday,NoDST,-0.2700167847789992,6.93907115933956,7.20908794411856,3.3345271872802806
dst,derived_duration_midpoint_age,56,Weekend,DST,0.102342076299244,7.70668987514842,7.604347798849176,3.904515975723832
dst,derived_duration_midpoint_age,56,Weekend,NoDST,0.296338156052484,7.810347679012142,7.5140095229596575,4.053342917532313
dst,derived_duration_midpoint_age,57,Weekday,DST,-0.4631713069284733,6.819242598176755,7.282413905105228,3.1780356456241408
dst,derived_duration_midpoint_age,57,Weekday,NoDST,-0.2715859060180567,6.931807668846366,7.203393574864423,3.330110881414155
dst,derived_duration_midpoint_age,57,Weekend,DST,0.10025054923148465,7.69968087721722,7.599430327985735,3.899965713224352
dst,derived_duration_midpoint_age,57,Weekend,NoDST,0.29424662898472465,7.803338681080941,7.509092052096216,4.048792655032833
dst,derived_duration_midpoint_age,58,Weekday,DST,-0.463178942211958,6.8104529432194125,7.273631885431371,3.1736370005037275
dst,derived_duration_midpoint_age,58,Weekday,NoDST,-0.27159354130154145,6.923018013889023,7.194611555190565,3.325712236293741
dst,derived_duration_midpoint_age,58,Weekend,DST,0.0994558312693771,7.690650981261454,7.591195149992077,3.895053406265416
dst,derived_duration_midpoint_age,58,Weekend,NoDST,0.29345191102261714,7.7943087851251764,7.500856874102558,4.0438803480738965
dst,derived_duration_midpoint_age,59,Weekday,DST,-0.4616801164067562,6.800190903978385,7.261871020385142,3.169255393785815
dst,derived_duration_midpoint_age,59,Weekday,NoDST,-0.27009471549633973,6.912755974647996,7.182850690144336,3.321330629575828
dst,derived_duration_midpoint_age,59,Weekend,DST,0.09991222443647726,7.679671401270843,7.579759176834366,3.88979181285366
dst,derived_duration_midpoint_age,59,Weekend,NoDST,0.2939083041897173,7.783329205134565,7.489420900944848,4.038618754662141
dst,derived_duration_midpoint_age,60,Weekday,DST,-0.45872985437975367,6.788510260634142,7.247240115013896,3.1648902031271944
dst,derived_duration_midpoint_age,60,Weekday,NoDST,-0.26714445346933713,6.901075331303753,7.16821978477309,3.3169654389172076
dst,derived_duration_midpoint_age,60,Weekend,DST,0.10157403075634187,7.666813351235112,7.56523932047877,3.884193690995726
dst,derived_duration_midpoint_age,60,Weekend,NoDST,0.2955701105095819,7.770471155098833,7.474901044589251,4.033020632804208
dst,derived_duration_midpoint_age,61,Weekday,DST,-0.4543831809978365,6.7754647933671475,7.229847974364984,3.160540806184655
dst,derived_duration_midpoint_age,61,Weekday,NoDST,-0.26279778008741994,6.888029864036758,7.150827644124178,3.312616041974669
dst,derived_duration_midpoint_age,61,Weekend,DST,0.10439555225252674,7.65214804514398,7.547752492891453,3.878271798698253
dst,derived_duration_midpoint_age,61,Weekend,NoDST,0.29839163200576674,7.755805849007701,7.457414217001935,4.027098740506734
dst,derived_duration_midpoint_age,62,Weekday,DST,-0.4486951211278905,6.761108282357869,7.209803403485759,3.156206580614989
dst,derived_duration_midpoint_age,62,Weekday,NoDST,-0.25710972021747397,6.873673353027479,7.130783073244953,3.3082818164050027
dst,derived_duration_midpoint_age,62,Weekend,DST,0.10833109094858834,7.635746696987173,7.527415606038585,3.872038893967881
dst,derived_duration_midpoint_age,62,Weekend,NoDST,0.3023271707018283,7.7394045008508945,7.437077330149066,4.020865835776362
dst,derived_duration_midpoint_age,63,Weekday,DST,-0.4417206996368015,6.745494507786772,7.187215207423574,3.1518869040749853
dst,derived_duration_midpoint_age,63,Weekday,NoDST,-0.25013529872638496,6.858059578456382,7.108194877182767,3.303962139864999
dst,derived_duration_midpoint_age,63,Weekend,DST,0.11333494886808317,7.617680520754411,7.504345571886328,3.865507734811247
dst,derived_duration_midpoint_age,63,Weekend,NoDST,0.30733102862132317,7.721338324618133,7.414007295996809,4.014334676619728
dst,derived_duration_midpoint_age,64,Weekday,DST,-0.4335149413914555,6.7286772498343215,7.162192191225777,3.1475811542214327
dst,derived_duration_midpoint_age,64,Weekday,NoDST,-0.24192954048103896,6.841242320503932,7.083171860984971,3.299656390011447
dst,derived_duration_midpoint_age,64,Weekend,DST,0.11936142803456734,7.598020730435418,7.478659302400851,3.8586910792349927
dst,derived_duration_midpoint_age,64,Weekend,NoDST,0.3133575077878073,7.701678534299139,7.388321026511332,4.007518021043474
dst,derived_duration_midpoint_age,65,Weekday,DST,-0.4241328712587388,6.710710288680984,7.134843159939723,3.1432887087111228
dst,derived_duration_midpoint_age,65,Weekday,NoDST,-0.23254747034832224,6.823275359350594,7.055822829698917,3.295363944501136
dst,derived_duration_midpoint_age,65,Weekend,DST,0.12636483047159686,7.576838540019914,7.450473709548317,3.8516016852457553
dst,derived_duration_midpoint_age,65,Weekend,NoDST,0.3203609102248368,7.680496343883635,7.360135433658798,4.0004286270542355
dst,derived_duration_midpoint_age,66,Weekday,DST,-0.4136295141055369,6.691647404507227,7.1052769186127644,3.139008945200845
dst,derived_duration_midpoint_age,66,Weekday,NoDST,-0.22204411319512035,6.804212475176838,7.026256588371958,3.291084180990859
dst,derived_duration_midpoint_age,66,Weekend,DST,0.1342994582027284,7.554205163497626,7.419905705294897,3.844252310850177
dst,derived_duration_midpoint_age,66,Weekend,NoDST,0.3282955379559684,7.657862967361347,7.329567429405379,3.993079252658658
dst,derived_duration_midpoint_age,67,Weekday,DST,-0.4020598947987361,6.671542377493515,7.073602272292251,3.1347412413473896
dst,derived_duration_midpoint_age,67,Weekday,NoDST,-0.2104744938883195,6.784107448163126,6.994581942051445,3.286816477137403
dst,derived_duration_midpoint_age,67,Weekend,DST,0.1431196132515179,7.530191814858271,7.387072201606753,3.8366557140548943
dst,derived_duration_midpoint_age,67,Weekend,NoDST,0.3371156930047579,7.633849618721992,7.296733925717234,3.985482655863375
dst,derived_duration_midpoint_age,68,Weekday,DST,-0.38947903820522234,6.6504489878203135,7.039928026025536,3.130484974807546
dst,derived_duration_midpoint_age,68,Weekday,NoDST,-0.1978936372948058,6.763014058489924,6.96090769578473,3.282560210597559
dst,derived_duration_midpoint_age,68,Weekend,DST,0.15277959764152155,7.504869708091574,7.352090110450052,3.828824652866547
dst,derived_duration_midpoint_age,68,Weekend,NoDST,0.34677567739476156,7.608527511955296,7.261751834560534,3.9776515946750286
dst,derived_duration_midpoint_age,69,Weekday,DST,-0.3759419691918812,6.628421015668092,7.0043629848599736,3.1262395232381057
dst,derived_duration_midpoint_age,69,Weekday,NoDST,-0.18435656828146468,6.740986086337703,6.925342654619167,3.278314759028119
dst,derived_duration_midpoint_age,69,Weekend,DST,0.1632337133962961,7.47831005718726,7.315076343790964,3.8207718852917782
dst,derived_duration_midpoint_age,69,Weekend,NoDST,0.35722979314953607,7.581967861050981,7.224738067901445,3.9695988271002585
dst,derived_duration_midpoint_age,70,Weekday,DST,-0.3615037126255988,6.605512241217312,6.96701595384291,3.1220042642958563
dst,derived_duration_midpoint_age,70,Weekday,NoDST,-0.1699183117151823,6.718077311886923,6.887995623602105,3.2740795000858705
dst,derived_duration_midpoint_age,70,Weekend,DST,0.17443626253939767,7.450584076135047,7.276147813595649,3.8125101693372225
dst,derived_duration_midpoint_age,70,Weekend,NoDST,0.36843234229263766,7.554241879998768,7.185809537706131,3.961337111145703
dst,derived_duration_midpoint_age,71,Weekday,DST,-0.34621929337326146,6.581776444648441,6.9279957380217025,3.11777857563759
dst,derived_duration_midpoint_age,71,Weekday,NoDST,-0.15463389246284492,6.694341515318052,6.848975407780896,3.2698538114276032
dst,derived_duration_midpoint_age,71,Weekend,DST,0.1863415470943821,7.421762978924659,7.235421431830277,3.80405226300952
dst,derived_duration_midpoint_age,71,Weekend,NoDST,0.3803376268476221,7.52542078278838,7.145083155940759,3.9528792048180015
dst,derived_duration_midpoint_age,72,Weekday,DST,-0.3301437363017546,6.557267406141947,6.8874111424437015,3.113561834920096
dst,derived_duration_midpoint_age,72,Weekday,NoDST,-0.13855833539133805,6.669832476811558,6.808390812202896,3.26563707071011
dst,derived_duration_midpoint_age,72,Weekend,DST,0.19890386908480623,7.391917979545818,7.193014110461012,3.795410924315312
dst,derived_duration_midpoint_age,72,Weekend,NoDST,0.39289994883804624,7.49557578340954,7.102675834571493,3.944237866123793
dst,derived_duration_midpoint_age,73,Weekday,DST,-0.3133320662779645,6.532038905878294,6.845370972156259,3.109353419800165
dst,derived_duration_midpoint_age,73,Weekday,NoDST,-0.12174666536754795,6.644603976547905,6.766350641915452,3.261428655590178
dst,derived_duration_midpoint_age,73,Weekend,DST,0.21207753053422593,7.361120291988248,7.149042761454022,3.786598911261237
dst,derived_duration_midpoint_age,73,Weekend,NoDST,0.406073610287466,7.46477809585197,7.058704485564504,3.935425853069718
dst,derived_duration_midpoint_age,74,Weekday,DST,-0.2958393081687771,6.506144724037949,6.801984032206725,3.1051527079345855
dst,derived_duration_midpoint_age,74,Weekday,NoDST,-0.1042539072583606,6.618709794707559,6.72296370196592,3.2572279437245992
dst,derived_duration_midpoint_age,74,Weekend,DST,0.22581683346619755,7.32944113024167,7.103624296775473,3.7776289818539337
dst,derived_duration_midpoint_age,74,Weekend,NoDST,0.4198129132194376,7.433098934105392,7.013286020885954,3.926455923662415
dst,derived_duration_midpoint_age,75,Weekday,DST,-0.27772048684107814,6.479638640801377,6.757359127642455,3.1009590769801494
dst,derived_duration_midpoint_age,75,Weekday,NoDST,-0.0861350859306616,6.5922037114709875,6.678338797401649,3.253034312770162
dst,derived_duration_midpoint_age,75,Weekend,DST,0.2400760799042776,7.296951708295808,7.056875628391531,3.768513894100043
dst,derived_duration_midpoint_age,75,Weekend,NoDST,0.4340721596575175,7.400609512159529,6.966537352502011,3.917340835908523
dst,derived_duration_midpoint_age,76,Weekday,DST,-0.2590306271617538,6.452574436349044,6.711605063510798,3.0967719045936453
dst,derived_duration_midpoint_age,76,Weekday,NoDST,-0.06744522625133725,6.565139507018655,6.632584733269992,3.2488471403836585
dst,derived_duration_midpoint_age,76,Weekend,DST,0.254809571872022,7.26372324014038,7.008913668268358,3.759266406006201
dst,derived_duration_midpoint_age,76,Weekend,NoDST,0.4488056516252621,7.367381044004102,6.918575392378839,3.9080933478146815
dst,derived_duration_midpoint_age,77,Weekday,DST,-0.2398247539976899,6.425005890861418,6.664830644859108,3.092590568431864
dst,derived_duration_midpoint_age,77,Weekday,NoDST,-0.04823935308727337,6.537570961531029,6.5858103146183025,3.244665804221878
dst,derived_duration_midpoint_age,77,Weekend,DST,0.2699716113929873,7.229826939765115,6.959855328372127,3.749899275579051
dst,derived_duration_midpoint_age,77,Weekend,NoDST,0.4639676911462273,7.333484743628836,6.869517052482609,3.898726217387531
dst,derived_duration_midpoint_age,78,Weekday,DST,-0.2201578922157723,6.396986784518964,6.617144676734736,3.088414446151596
dst,derived_duration_midpoint_age,78,Weekday,NoDST,-0.0285724913053558,6.509551855188574,6.53812434649393,3.240489681941609
dst,derived_duration_midpoint_age,78,Weekend,DST,0.28551650049072974,7.195334021159732,6.909817520669002,3.7404252608252304
dst,derived_duration_midpoint_age,78,Weekend,NoDST,0.4795125802439697,7.298991825023453,6.819479244779483,3.889252202633711
dst,derived_duration_midpoint_age,79,Weekday,DST,-0.20008506668288728,6.3685708975021464,6.568655964185034,3.0842429154096296
dst,derived_duration_midpoint_age,79,Weekday,NoDST,-0.00849966577247074,6.481135968171757,6.489635633944228,3.236318151199643
dst,derived_duration_midpoint_age,79,Weekend,DST,0.3013985411888052,7.16031569831395,6.858917157125145,3.7308571197513776
dst,derived_duration_midpoint_age,79,Weekend,NoDST,0.4953946209420453,7.263973502177672,6.7685788812356265,3.8796840615598582
dst,derived_duration_midpoint_age,80,Weekday,DST,-0.17966130226592072,6.339812009991433,6.519473312257354,3.0800753538627563
dst,derived_duration_midpoint_age,80,Weekday,NoDST,0.01192409864449581,6.452377080661043,6.440452982016548,3.2321505896527696
dst,derived_duration_midpoint_age,80,Weekend,DST,0.3175720355107703,7.124843185217498,6.807271149706727,3.721207610364134
dst,derived_duration_midpoint_age,80,Weekend,NoDST,0.5115681152640104,7.228500989081219,6.716932873817209,3.8700345521726143
dst,derived_duration_midpoint_age,81,Weekday,DST,-0.15894162383175814,6.31076390216729,6.469705525999048,3.075911139167766
dst,derived_duration_midpoint_age,81,Weekday,NoDST,0.0326437770786584,6.4233289728369005,6.390685195758242,3.2279863749577795
dst,derived_duration_midpoint_age,81,Weekend,DST,0.3339912854801815,7.088987695860096,6.754996410379914,3.7114894906701386
dst,derived_duration_midpoint_age,81,Weekend,NoDST,0.5279873652334216,7.192645499723818,6.664658134490396,3.86031643247862
dst,derived_duration_midpoint_age,82,Weekday,DST,-0.13798105624728604,6.281480354210182,6.419461410457468,3.071749648981448
dst,derived_duration_midpoint_age,82,Weekday,NoDST,0.05360434466313049,6.394045424879793,6.340441080216662,3.2238248847714615
dst,derived_duration_midpoint_age,82,Weekend,DST,0.3506105931205945,7.052820444231464,6.702209851110869,3.701715518676029
dst,derived_duration_midpoint_age,82,Weekend,NoDST,0.5446066728738347,7.156478248095185,6.61187157522135,3.85054246048451
dst,derived_duration_midpoint_age,83,Weekday,DST,-0.11683462437938992,6.252015146300576,6.368849770679966,3.067590260960593
dst,derived_duration_midpoint_age,83,Weekday,NoDST,0.0747507765310266,6.364580216970187,6.28982944043916,3.2196654967506064
dst,derived_duration_midpoint_age,83,Weekend,DST,0.3673842604555662,7.016412644321325,6.649028383865759,3.691898452388446
dst,derived_duration_midpoint_age,83,Weekend,NoDST,0.5613803402088063,7.1200704481850465,6.55869010797624,3.840725394196926
dst,derived_duration_midpoint_age,84,Weekday,DST,-0.0955573530949562,6.222422058618937,6.317979411713893,3.0634323527619904
dst,derived_duration_midpoint_age,84,Weekday,NoDST,0.09602804781546034,6.334987129288548,6.238959081473087,3.215507588552004
dst,derived_duration_midpoint_age,84,Weekend,DST,0.38426658950865233,6.979835510119404,6.595568920610752,3.682051049814029
dst,derived_duration_midpoint_age,84,Weekend,NoDST,0.5782626692618924,7.0834933139831255,6.505230644721233,3.8308779916225086
dst,derived_duration_midpoint_age,85,Weekday,DST,-0.07420426726087029,6.192754871345733,6.2669591386066035,3.0592753020424315
dst,derived_duration_midpoint_age,85,Weekday,NoDST,0.11738113364954623,6.305319942015344,6.187938808365797,3.2113505378324447
dst,derived_duration_midpoint_age,85,Weekend,DST,0.4012118823034097,6.943160255615422,6.541948373312012,3.672186068959416
dst,derived_duration_midpoint_age,85,Weekend,NoDST,0.5952079620566497,7.046818059479143,6.451610097422494,3.821013010767897
